name,level,city,address,price,comment,sight_comment_score
成都大熊猫繁育研究基地,4A,成都·成华区,成华区,55,510176,
都江堰,5A,成都·都江堰市,都江堰市,80,138580,
青城山,5A,成都·都江堰市,都江堰市,0.36,73566,
五凤溪古镇,4A,成都·金堂县,金堂县,9,42,
花舞人间,4A,成都·新津县,新津县,66.5,8759,
青城后山,5A,成都·青城山,青城山,20,4569,
西岭雪山,4A,成都·大邑县,大邑县,19.9,40310,
诗里田园亲水度假区,,成都,成都,9.9,4,
成都杜甫草堂博物馆,4A,成都·青羊区,青羊区,50,69379,
成都海昌极地海洋公园,4A,成都·双流区,双流区,5,78152,
成都欢乐谷,4A,成都·金牛区,金牛区,225,72104,
金沙遗址博物馆,4A,成都·青羊区,青羊区,66,45949,
天府花溪谷,4A,成都·大邑县,大邑县,55,7904,
成都国际非物质文化遗产博览园,4A,成都·青羊区,青羊区,9,443,
锦门,4A,成都·成华区,成华区,9,49,
蔚然花海,4A,成都·龙泉驿,龙泉驿,45.9,2526,
漫花庄园,,成都·新都区,新都区,49.8,6881,
我的田园,,成都,成都,26,97,
成都武侯祠,4A,成都·武侯区,武侯区,50,45661,
刘氏庄园博物馆,4A,成都·安仁古镇,安仁古镇,38,4843,
锦门·蚕宝自然王国,4A,成都·新都区,新都区,59.9,92,
丹景山旅游景区,4A,成都·彭州市,彭州市,28,1880,
国色天乡·陆地乐园,4A,成都·国色天乡,国色天乡,139,26893,
麓湖水城,4A,成都·双流区,双流区,75,57,
成都建川博物馆,4A,成都·大邑县,大邑县,55,1707,
街子古镇,4A,成都·崇州市,崇州市,19.9,397,
宝山旅游度假区,4A,成都·彭州市,彭州市,15,81,
成都天台山,4A,成都·邛崃市,邛崃市,58,6132,
花水湾温泉旅游度假区,4A,成都·大邑县,大邑县,68,1030,
平乐古镇,4A,成都·邛崃市,邛崃市,39.9,436,
丹景台,4A,成都,成都,40,1,
桃花故里,4A,成都·龙泉驿,龙泉驿,9,8,
黄龙溪古镇,4A,成都·双流区,双流区,8,6019,
东郊记忆馆,4A,成都·成华区,成华区,138,462,
蛟龙港·海滨城,4A,成都·双流区,双流区,188,48,
稻乡渔歌,,成都·大邑县,大邑县,47,8,
灌县古城,4A,成都·都江堰市,都江堰市,217,156,
成都华侨城欢乐谷水世界,4A,成都·成都欢乐谷,成都欢乐谷,225,153,
成都空港花田,,成都·双流区,双流区,30,907,
麓湖·A4美术馆,,成都,成都,58,4,
成都动物园,,成都·成华区,成华区,20,79400,
成都乐翻天,,成都·金堂县,金堂县,52,67,
大江户温泉馆,,成都·都江堰市,都江堰市,69,3,
我的田园自然王国,,成都·青白江区,青白江区,19.9,838,
邛州园,,成都·邛崃市,邛崃市,57.4,44,
成都植物园,,成都·金牛区,金牛区,4.8,4835,
成都松鼠部落森林假日公园,,成都·双流区,双流区,58,7548,
音乐百花谷,,成都·新都区,新都区,49,4164,
鹤鸣山,,成都·大邑县,大邑县,150,90,
遇见博物馆·成都馆,,成都·高新区,高新区,78,29,
昭觉寺,,成都·成华区,成华区,8,355,
童话火车总动员,,成都·彭州市,彭州市,37.7,364,
乐奇冰雪乐园,,成都·双流区,双流区,16.8,231,
洛带恐龙大世界,,成都·龙泉驿,龙泉驿,29.9,109,
蝴蝶森林王国,,成都·彭州市,彭州市,39.9,26,
meland club(世茂广场店),,成都,成都,50,5,
奇彩乐园,,成都·新津县,新津县,29.9,28,
多乐岛成都运动游乐城,,成都·金牛区,金牛区,39,37,
七彩海巢欢乐世界,,成都·温江区,温江区,80,1505,
云顶水乡旅游度假区,,成都,成都,29.9,23,
海上田园,4A,深圳·宝安区,宝安区,39.9,5048,
西湾红树林公园,,深圳·宝安区,宝安区,7,11,
深圳仙湖植物园,4A,深圳·罗湖区,罗湖区,7,2364,
观澜湖旅游度假区,5A,深圳·龙华新区,龙华新区,29,78,
青青世界,4A,深圳·南山区,南山区,76,11569,
东部华侨城,4A,深圳·盐田区,盐田区,90,34059,
深圳光明农场农科大观园,4A,深圳·宝安区,宝安区,73,3726,
深圳野生动物园,4A,深圳·南山区,南山区,198,59241,
观澜山水田园旅游文化园,4A,深圳·龙华新区,龙华新区,89.9,2879,
世界之窗,,深圳·华侨城,华侨城,110,106366,
羊台山,,深圳·宝安区,宝安区,8,18,
东冲,,深圳·龙岗区,龙岗区,45,105,
小梅沙,,深圳·盐田区,盐田区,45,5667,
深圳光明滑草游乐园,,深圳·宝安区,宝安区,64.3,787,
公明红花山公园,,深圳·光明区,光明区,7,5,
观澜湖大地生态艺术园,,深圳·宝安区,宝安区,29,1016,
大鹏半岛,,深圳·龙岗区,龙岗区,49,44,
滨海栈道,,深圳·盐田区,盐田区,48,1972,
桔钓沙,,深圳·龙岗区,龙岗区,88,17,
meland club（壹方城店）,,深圳·宝安区,宝安区,100,22,
meland club（万象天地店）,,深圳·南山区,南山区,100,25,
深圳欢乐谷,,深圳·南山区,南山区,130,74930,
奈尔宝家庭中心（卓悦店）,,深圳,深圳,99,7,
七娘山,,深圳·龙岗区,龙岗区,88,26,
玫瑰海岸旅游度假区,,深圳,深圳,37,1447,
千岛湖,5A,杭州·淳安县,淳安县,90,26068,
西溪国家湿地洪园,5A,杭州·余杭区,余杭区,70,908,
西溪国家湿地公园,5A,杭州·西湖区,西湖区,70,41801,
西湖,5A,杭州·西湖区,西湖区,8,23965,
塘栖古镇,4A,杭州·余杭区,余杭区,8.8,384,
西湖文化广场,,杭州·下城区,下城区,7,110,
雷峰塔,4A,杭州·西湖,西湖,46.1,12893,
大明山,4A,杭州·临安市,临安市,25,7357,
杭州乐园,4A,杭州·萧山区,萧山区,79.9,12891,
湘湖游船,4A,杭州·萧山区,萧山区,53.4,102,
宝石山,,杭州·西湖区,西湖区,9,37,
天子地,4A,杭州·桐庐县,桐庐县,170,492,
太湖源,4A,杭州·临安市,临安市,40,2934,
黄公望隐居地,4A,杭州·富阳区,富阳区,45,698,
湘湖旅游度假区,4A,杭州·萧山区,萧山区,26,1068,
千岛湖文渊狮城度假区,4A,杭州·千岛湖,千岛湖,70,747,
天目山,4A,杭州·临安市,临安市,105,2104,
七里扬帆,4A,杭州·建德市,建德市,118,441,
龙门古镇,4A,杭州·富阳区,富阳区,60,1983,
兰里景区,4A,杭州·西湖区,西湖区,7,3,
严子陵钓台,4A,杭州·富春江小三峡,富春江小三峡,111.9,3345,
皋亭山,4A,杭州·江干区,江干区,798,21,
杭州野生动物世界,4A,杭州·富阳区,富阳区,207,23600,
长桥公园,,杭州·西湖区,西湖区,148,19,
桂林尧山景区,4A,桂林·叠彩区,叠彩区,28,1447,
漓江逍遥湖景区,4A,桂林·灵川县,灵川县,25,696,
资江,4A,桂林·资源县,资源县,28,48,
桂林在水一汸景区,4A,桂林·临桂区,临桂区,19.9,41,
资源天门山,4A,桂林·资源县,资源县,28,785,
桂林乐满地主题乐园,5A,桂林·兴安县,兴安县,40,13496,
独秀峰王城景区,5A,桂林·秀峰区,秀峰区,50,16041,
三千漓山水人文度假区,4A,桂林·阳朔县,阳朔县,22.5,214,
大碧头国际旅游度假区,4A,桂林·全州县,全州县,36,882,
桂海晴岚,4A,桂林·七星区,七星区,24,101,
桂林两江四湖景区,5A,桂林·秀峰区,秀峰区,170,22011,
叠彩山,5A,桂林·叠彩伏波景区,叠彩伏波景区,25,4345,
漓江风景区,5A,桂林·灵川县,灵川县,228,17375,
伏波山,5A,桂林·叠彩伏波景区,叠彩伏波景区,22,851,
银子岩景区,4A,桂林·荔浦县,荔浦县,17.9,24906,
叠彩伏波景区,5A,桂林·叠彩区,叠彩区,22,1084,
龙脊梯田,4A,桂林·龙胜县,龙胜县,80,18210,
桂花公社,4A,桂林,桂林,45,24,
芦笛岩,4A,桂林·秀峰区,秀峰区,78.9,26597,
桂林丹霞八角寨景区,4A,桂林·资源县,资源县,124,1174,
千家洞,4A,桂林·灌阳县,灌阳县,116,85,
七星景区,4A,桂林·七星区,七星区,48.8,8775,
荔江湾,4A,桂林·荔浦县,荔浦县,60,1010,
东漓古村,4A,桂林·灵川县,灵川县,90,31,
东部华侨城茵特拉根水疗,,深圳·盐田区,盐田区,90,5440,
二十四史书院,,深圳·龙岗区,龙岗区,60,280,
求水山龙之谷,,深圳·龙岗区,龙岗区,45,180,
求水山公园,,深圳·龙岗区,龙岗区,18,711,
东冲西冲海岸线,,深圳·龙岗区,龙岗区,65,135,
愿望塔,,深圳·盐田区,盐田区,55,57,
贝尔自然探索中心,,深圳·南山区,南山区,129,691,
金龟露营小镇,,深圳·龙岗区,龙岗区,268,3,
南山博物馆,,深圳·南山区,南山区,7,71,
大鹏玫瑰小镇,,深圳,深圳,49,258,
深圳湾公园,,深圳·南山区,南山区,7,469,
观澜山水田园温泉,,深圳·观澜山水田园旅游文化园,观澜山水田园旅游文化园,89.9,1151,
中英街,,深圳·盐田区,盐田区,43,1740,
深圳烨斌劲速卡丁车,,深圳·龙岗区,龙岗区,92,39,
侏罗纪冰雪乐园（横岗店）,,深圳·龙岗区,龙岗区,24.6,229,
大梅沙海滨公园,,深圳·盐田区,盐田区,55,325,
甘坑古镇,,深圳·龙岗区,龙岗区,26,665,
七星湾游艇会,,深圳,深圳,88,9,
洪湖公园,,深圳·罗湖区,罗湖区,9,185,
人才公园,,深圳·南山区,南山区,8,76,
塘朗山公园,,深圳·南山区,南山区,7,4,
东部华侨城大侠谷,,深圳·东部华侨城,东部华侨城,128,16267,
平峦山公园,,深圳·宝安区,宝安区,8,1,
南澳鹿嘴山庄度假村,,深圳,深圳,45,127,
银湖山郊野公园,,深圳·罗湖区,罗湖区,7,1,
华侨城湿地公园,,深圳·南山区,南山区,7,5,
凤岩古庙,,深圳·宝安区,宝安区,7,5,
杭州东方文化园,4A,杭州·萧山区,萧山区,69,565,
杭州乐活岛,,杭州·建德市,建德市,58,8,
垂云通天河,4A,杭州·桐庐县,桐庐县,100,6881,
瑶琳仙境,4A,杭州·桐庐县,桐庐县,108.8,9225,
严州古城景区,4A,杭州·建德市,建德市,30,2,
灵栖洞,4A,杭州·建德市,建德市,73.5,2462,
京杭大运河,4A,杭州·下城区,下城区,110,3395,
富春桃源,4A,杭州·富阳区,富阳区,135,754,
山沟沟,4A,杭州·余杭区,余杭区,66.3,1460,
良渚博物院,4A,杭州·余杭区,余杭区,68,2,
东天目山,4A,杭州·临安市,临安市,88,764,
富春江小三峡,4A,杭州·富春江,富春江,111.9,390,
千岛湖石林,4A,杭州·千岛湖,千岛湖,30,552,
大奇山国家森林公园,3A,杭州·桐庐县,桐庐县,45,8969,
龙坞茶休闲村,4A,杭州·西湖区,西湖区,138,89,
杭州临安浙西大龙湾闯关,,杭州·临安市,临安市,7,599,
浙江省科技馆,,杭州·拱墅区,拱墅区,198,234,
灵隐寺,,杭州·灵隐飞来峰景区,灵隐飞来峰景区,45,32079,
浙西大峡谷,4A,杭州·临安市,临安市,100,2540,
柳浪闻莺,,杭州·西湖,西湖,45,986,
浪石金滩,4A,杭州·桐庐县,桐庐县,200,1501,
杭州长乔极地海洋公园,4A,杭州·萧山区,萧山区,360,11054,
大慈岩风景区,4A,杭州·建德市,建德市,70,2796,
南宋御街遗址,,杭州·上城区,上城区,30,523,
钱王陵,3A,杭州·临安市,临安市,0.6,303,
青芝坞,,杭州·西湖区,西湖区,45,3,
瑞趣蓝海小镇,,杭州·萧山区,萧山区,98,30,
冠岩地下河景区,4A,桂林·雁山区,雁山区,19.9,2173,
丰鱼岩旅游度假区,4A,桂林·荔浦县,荔浦县,45,555,
龙胜温泉旅游度假区,4A,桂林·龙胜县,龙胜县,100,658,
阳朔西街,4A,桂林·阳朔县,阳朔县,21,2486,
红溪景区,4A,桂林·临桂区,临桂区,30,174,
漓江冠岩景区,4A,桂林·雁山区,雁山区,19.9,111,
桂林金钟山,4A,桂林·永福县,永福县,20,437,
桂林西山景区,4A,桂林·秀峰区,秀峰区,27.5,667,
栖霞寺,4A,桂林·七星区,七星区,48,157,
阳朔世外桃源景区,4A,桂林·阳朔县,阳朔县,55,9231,
桂林猫儿山,4A,桂林·兴安县,兴安县,130,2551,
大圩古镇,4A,桂林·灵川县,灵川县,78,137,
灵渠,4A,桂林·兴安县,兴安县,45,1157,
漓江古东景区,4A,桂林·灵川县,灵川县,128,25,
刘三姐大观园,4A,桂林·秀峰区,秀峰区,60,1707,
古东瀑布,4A,桂林·灵川县,灵川县,145,2016,
南溪山景区,4A,桂林·象山区,象山区,0.5,429,
阳朔天籁蝴蝶泉,4A,桂林·阳朔县,阳朔县,90,4042,
桂林园博园,,桂林·雁山区,雁山区,20,63,
中国科学院桂林植物园,,桂林·雁山区,雁山区,18,25,
桂林訾洲岛景区,,桂林·七星区,七星区,7,1577,
乾龙天坑,,桂林·桂林金钟山,桂林金钟山,29,274,
龙胜布尼梯田·加乌瀑布,,桂林·龙胜县,龙胜县,38,78,
阳朔公园,,桂林·阳朔县,阳朔县,7,30,
古石城,,桂林·阳朔县,阳朔县,7,11,
阳朔单车骑行,,桂林·阳朔县,阳朔县,65,438,
阳朔,,桂林·阳朔县,阳朔县,78,1372,
桂林融创欢乐部落,,桂林·桂林融创国际旅游度假区,桂林融创国际旅游度假区,118,1135,
燕晗山郊野公园,,深圳·南山区,南山区,7,1,
大万世居,,深圳·龙岗区,龙岗区,7,1,
锦绣中华民俗村,,深圳·华侨城,华侨城,210,46845,
观澜湖生态运动公社,,深圳,深圳,29,35,
深圳博物馆,,深圳·福田区,福田区,6,142,
盐田海滨栈道,,深圳·盐田区,盐田区,43,67,
欢乐海岸,,深圳·南山区,南山区,45,4979,
深圳失恋博物馆（东门老街旗舰店）,,深圳·罗湖区,罗湖区,35,33,
河桥古镇,,杭州·临安市,临安市,9,74,
杭州Meland Club(萧山银泰店),,杭州·萧山区,萧山区,100,6,
宝寿山景区,,杭州·西湖区,西湖区,29,670,
径山寺,,杭州·余杭区,余杭区,7,10,
良渚古城遗址公园,,杭州·余杭区,余杭区,50,4308,
桐君山,,杭州·桐庐县,桐庐县,7,92,
千岛湖梦想1号游船,,杭州·千岛湖,千岛湖,108,184,
钱唐农园,,杭州·江干区,江干区,18,23,
中国湿地博物馆,,杭州·西湖区,西湖区,12,68,
燕莎热气球滑翔伞飞行,,桂林·阳朔县,阳朔县,90,609,
桂林乐8小城,,桂林·临桂区,临桂区,90,144,
桂林雁山园景区,,桂林·雁山区,雁山区,6800,1390,
月亮山,,桂林·阳朔县,阳朔县,20,4876,
古木冲景区,,桂林,桂林,168,31,
十二滩漂流,,桂林·临桂区,临桂区,7,300,
遇龙河,,桂林·阳朔县,阳朔县,40,18504,
桂林融创国际旅游度假区,,桂林·雁山区,雁山区,128,1059,
玉龙雪山,5A,丽江·玉龙县,玉龙县,206,30749,
丽江古城,5A,丽江·古城区,古城区,28,14015,
老君山黎明景区,4A,丽江·老君山,老君山,38,269,
泸沽湖,4A,丽江·宁蒗县,宁蒗县,70,21237,
玉湖村,,丽江·玉龙县,玉龙县,206,14,
束河古镇,4A,丽江·古城区,古城区,1.4,4048,
黑龙潭,4A,丽江·古城区,古城区,4.6,639,
观音峡,4A,丽江·古城区,古城区,210,1750,
拉市海云端彼岸农庄,,丽江·玉龙县,玉龙县,98,165,
玉水寨,4A,丽江·玉龙县,玉龙县,335,291,
拉市海安中马场,,丽江,丽江,87,804,
束河茶马古道,,丽江·古城区,古城区,90,223,
雪山玫瑰庄园,,丽江·玉龙县,玉龙县,40,1851,
拉市海云上庄园会所,,丽江·玉龙县,玉龙县,86,8,
小落水村,,丽江·泸沽湖,泸沽湖,188,481,
丽江三股水,,丽江·玉龙县,玉龙县,20,355,
雪山花海乐园,,丽江·古城区,古城区,30,31,
里务必岛,,丽江,丽江,70,492,
格姆女神索道,,丽江·格姆女神山,格姆女神山,110,155,
听花谷,,丽江·玉龙县,玉龙县,80,401,
猎鹰谷,,丽江·丽江乐园,丽江乐园,7,112,
拉市海湿地公园,,丽江·玉龙县,玉龙县,29,357,
万古楼,,丽江·丽江古城已下线子景点,丽江古城已下线子景点,28,234,
四方街,,丽江·丽江古城,丽江古城,28,65,
拉市海,,丽江·玉龙县,玉龙县,29,9385,
南山文化旅游区,5A,三亚·崖州区,崖州区,122,203419,
西岛,4A,三亚·天涯区,天涯区,98,62773,
三亚蜈支洲岛旅游区,5A,三亚·海棠区,海棠区,140,149121,
亚龙湾热带天堂森林公园,4A,三亚·吉阳区,吉阳区,148,135081,
分界洲岛,5A,三亚,三亚,188,9897,
大东海,4A,三亚,三亚,29.9,7980,
水稻国家公园,4A,三亚·海棠湾,海棠湾,75,6502,
亚龙湾国际玫瑰谷,3A,三亚·亚龙湾,亚龙湾,44,5664,
亚特兰蒂斯水世界,,三亚·三亚亚特兰蒂斯度假区,三亚亚特兰蒂斯度假区,166,37251,
大白鲸•三亚海洋探索世界,,三亚·崖州区,崖州区,46,275,
亚特兰蒂斯失落的空间水族馆,,三亚·三亚亚特兰蒂斯度假区,三亚亚特兰蒂斯度假区,188,36505,
三亚凤凰岭海誓山盟景区,,三亚,三亚,96,12488,
海之玉海洋温泉,,三亚,三亚,38,325,
南山寺,,三亚·南山文化旅游区,南山文化旅游区,98,8467,
三亚海昌梦幻海洋不夜城,,三亚·海棠区,海棠区,59.9,6956,
亚龙湾蝴蝶谷,,三亚·亚龙湾,亚龙湾,9,48,
太阳湾,,三亚·亚龙湾,亚龙湾,478,14,
私人订制,,三亚·海棠湾,海棠湾,140,135,
三亚海上巴士观光,,三亚,三亚,49.9,1430,
西岛-快乐时光户外潜水俱乐部,,三亚,三亚,89,200,
亚马逊丛林水乐园,,三亚·三亚湾红树林度假世界,三亚湾红树林度假世界,67.4,4146,
神玉岛,,三亚,三亚,61,936,
三亚港务局洋海游艇码头,,三亚,三亚,75,257,
拙政园,5A,苏州·平江区,平江区,0.6,189117,
寒山寺,4A,苏州·姑苏区,姑苏区,17.2,59560,
光福景区,4A,苏州·吴中区,吴中区,13.5,633,
虎丘山风景名胜区,5A,苏州·姑苏区,姑苏区,70,56136,
太仓现代农业园,4A,苏州·太仓市,太仓市,19.9,359,
留园,5A,苏州·姑苏区,姑苏区,55,33431,
狮子林,4A,苏州·姑苏区,姑苏区,40,49935,
梅李聚沙园,4A,苏州·常熟市,常熟市,9,355,
周庄,5A,苏州·昆山市,昆山市,86,35575,
太湖旅游区,5A,苏州·吴中区,吴中区,8,442,
同里古镇,5A,苏州·吴江区,吴江区,76,37455,
沙家浜,5A,苏州·常熟市,常熟市,88,7798,
虞山,5A,苏州·常熟市,常熟市,28,1956,
石湖,,苏州·吴中区,吴中区,1000,1606,
千灯古镇,4A,苏州·昆山市,昆山市,40,1737,
尚湖,5A,苏州·常熟市,常熟市,70,4499,
凤凰山,4A,苏州·张家港市,张家港市,18,28,
苏州上方山国家森林公园,4A,苏州·虎丘区,虎丘区,45,3852,
天平山,4A,苏州·吴中区,吴中区,30,7361,
太湖西山岛,4A,苏州·吴中区,吴中区,32,972,
苏州乐园森林世界,4A,苏州·虎丘区,虎丘区,49,4070,
西山雕花楼,4A,苏州·吴中区,吴中区,38.8,107,
旺山景区,5A,苏州·吴中区,吴中区,100,88,
秦始皇帝陵博物院（兵马俑）,5A,西安·临潼区,临潼区,120,297337,
陕西历史博物馆,4A,西安·雁塔区,雁塔区,0.1,98002,
西安城墙,5A,西安·碑林区,碑林区,54,41901,
华清宫,5A,西安·临潼区,临潼区,120,89460,
终南山古楼观,4A,西安·周至县,周至县,34.3,179,
大唐芙蓉园,5A,西安·曲江旅游度假区,曲江旅游度假区,119,58948,
西安碑林博物馆,5A,西安·碑林区,碑林区,65,21306,
大明宫国家遗址公园,5A,西安·新城区,新城区,60,21389,
大慈恩寺（大雁塔）,5A,西安·曲江旅游度假区,曲江旅游度假区,103,14835,
曲江艺术博物馆,,西安·曲江旅游度假区,曲江旅游度假区,30,159,
白鹿原·白鹿仓,4A,西安·灞桥区,灞桥区,18,214,
秦岭野生动物园,4A,西安·长安区,长安区,100,31811,
秦岭国家植物园,4A,西安·周至县,周至县,30,567,
翠华山,4A,西安·长安区,长安区,65,6943,
陕西自然博物馆,4A,西安·雁塔区,雁塔区,30,5481,
朱雀国家森林公园,4A,西安·户县,户县,39.9,628,
西安广仁寺,4A,西安·莲湖区,莲湖区,7,1008,
白鹿原影视城,4A,西安·蓝田县,蓝田县,50,1418,
昆明池,4A,西安·长安区,长安区,45,18,
西安博物院,4A,西安,西安,58,3189,
太平国家森林公园,4A,西安·户县,户县,56.5,2433,
汉城湖,4A,西安·未央区,未央区,1,419,
西安世博园,4A,西安·灞桥区,灞桥区,278,1766,
金龙峡,4A,西安·户县,户县,49.9,653,
西安半坡博物馆,4A,西安·灞桥区,灞桥区,49.5,5486,
西安大唐西市博物馆,4A,西安·碑林区,碑林区,25,487,
北京环球度假区,,北京·通州区,通州区,516,169588,
故宫博物院,5A,北京·东城区,东城区,30,747348,
八达岭长城,5A,北京·延庆县,延庆县,43.6,199211,
恭王府,5A,北京·西城区,西城区,40,117812,
颐和园,5A,北京·海淀区,海淀区,15,171353,
天坛公园,5A,北京·东城区,东城区,15,78491,
圆明园,5A,北京·海淀区,海淀区,10,100593,
北京野生动物园,4A,北京·大兴区,大兴区,144,110227,
北宫国家森林公园,4A,北京·丰台区,丰台区,0.5,897,
明十三陵,5A,北京·昌平区,昌平区,30,21877,
北京动物园,4A,北京·西城区,西城区,15,54972,
坡峰岭,3A,北京·房山区,房山区,50,5962,
百里山水画廊,4A,北京·延庆县,延庆县,25,440,
八大处公园,4A,北京·石景山区,石景山区,10,10330,
香山公园,4A,北京·海淀区,海淀区,10,15482,
银山塔林,4A,北京·昌平区,昌平区,20,288,
慕田峪长城,5A,北京·怀柔区,怀柔区,59.5,49637,
中国紫檀博物馆,4A,北京·朝阳区,朝阳区,50,916,
石景山游乐园,4A,北京·石景山区,石景山区,10,5795,
丫髻山,4A,北京·平谷区,平谷区,50,806,
北京野鸭湖国家湿地公园,4A,北京·延庆县,延庆县,49.5,6176,
龙庆峡,4A,北京·延庆县,延庆县,40,7010,
广州塔,4A,广州·海珠区,海珠区,148,61179,
碧桂园故乡里,4A,广州·花都区,花都区,58,138,
华南植物园,4A,广州·天河区,天河区,20,8872,
白云山,5A,广州·白云区,白云区,88,2873,
海珠国家湿地公园,4A,广州·海珠区,海珠区,18,4749,
增城白水寨风景名胜区,4A,广州·增城,增城,56,21475,
广州长隆旅游度假区,5A,广州·番禺区,番禺区,68,75997,
广州动物园,4A,广州·越秀区,越秀区,31.4,7936,
长隆野生动物世界,,广州·广州长隆旅游度假区,广州长隆旅游度假区,240,233469,
广州热雪奇迹,4A,广州·广州融创文旅城,广州融创文旅城,238,14432,
北京路商业步行街,4A,广州·越秀区,越秀区,168,102,
南海神庙,4A,广州·黄埔区,黄埔区,5,702,
南沙天后宫,4A,广州·南沙区,南沙区,18,1568,
碧水湾温泉度假村,4A,广州·从化市,从化市,164,4352,
七彩澳游世界,3A,广州·增城,增城,55,1242,
宝墨园,4A,广州·番禺区,番禺区,41.5,14723,
南沙百万葵园,4A,广州·南沙区,南沙区,45,9130,
广州北迹露营,,广州·花都区,花都区,38,40,
余荫山房,4A,广州·番禺区,番禺区,18,2478,
花都世间香境·七溪地,3A,广州·花都区,花都区,60,72,
南沙湿地公园,4A,广州·南沙区,南沙区,38,3779,
圆玄道观,4A,广州·花都区,花都区,15,909,
天龙溪,,广州·花都区,花都区,19.9,85,
鼓浪屿,5A,厦门·思明区,思明区,10,85286,
厦门园林植物园,4A,厦门·思明区,思明区,30,47565,
顶上生态风景区,,厦门·同安区,同安区,12,121,
北辰山,4A,厦门·同安区,同安区,25,414,
天竺山森林公园,4A,厦门·海沧区,海沧区,78,208,
胡里山炮台,4A,厦门·思明区,思明区,22.6,19606,
金光湖,3A,厦门·同安区,同安区,25,372,
厦门日月谷温泉度假村,4A,厦门·海沧区,海沧区,170,7434,
厦门老院子景区,4A,厦门·集美区,集美区,118,3328,
诚毅科技探索中心,4A,厦门·集美区,集美区,90,3450,
椰风寨海洋乐园,,厦门,厦门,99,182,
海峡虫动时光博物馆,,厦门·湖里区,湖里区,59.9,14,
帆尚游艇帆船出海体验,,厦门·五缘湾帆船港,五缘湾帆船港,99,40,
梵高星空艺术馆,,厦门·思明区,思明区,39.9,9,
厦门古龙酱文化园,,厦门·同安区,同安区,7,65,
厦门Meland Club(宝龙一城馆),,厦门·思明区,思明区,50,12,
老院子民俗文化风情园景区,,厦门,厦门,118,33,
白城沙滩,,厦门·思明区,思明区,22.6,100,
钟鼓索道,,厦门·思明区,思明区,80,9899,
文保奇妙夜之胡里山炮台,,厦门·思明区,思明区,65,92,
丽田园休闲农庄,,厦门·同安区,同安区,108,166,
集美果乐园景区,,厦门,厦门,45,537,
顶上乡村,,厦门,厦门,13,39,
野山谷景区,,厦门·同安区,同安区,45,400,
厦门观音山冰雪世界,,厦门·思明区,思明区,69.9,814,
厦门红枪帆船俱乐部,,厦门,厦门,38,59,
双龙潭生态运动景区,,厦门·集美区,集美区,16,958,
沙坡尾避风坞,,厦门·思明区,思明区,69.9,106,
珊瑚礁海洋世界,,厦门,厦门,7,97,
上海迪士尼乐园,,上海·浦东新区,浦东新区,425,547493,
上海野生动物园,5A,上海·浦东新区,浦东新区,165,134031,
东方明珠,5A,上海·浦东新区,浦东新区,80,143314,
上海海昌海洋公园,4A,上海·浦东新区,浦东新区,79,102793,
都市菜园,4A,上海·奉贤区,奉贤区,32,281,
上海奇迹花园,4A,上海·闵行区,闵行区,44.8,3708,
玉海棠景区,3A,上海·崇明县,崇明县,8,5,
上海海湾国家森林公园,4A,上海·奉贤区,奉贤区,54.3,8759,
崇明明珠湖公园,4A,上海·崇明岛,崇明岛,9,550,
上海之巅观光厅,4A,上海·浦东新区,浦东新区,80,44940,
金山城市沙滩,4A,上海·金山区,金山区,70,3015,
金山嘴渔村,4A,上海·金山区,金山区,32,161,
辰山植物园,4A,上海·佘山国家旅游度假区,佘山国家旅游度假区,60,7749,
闻道园,4A,上海·宝山区,宝山区,40,335,
东平国家森林公园,4A,上海·崇明岛,崇明岛,57.5,11403,
豫园,4A,上海·黄浦区,黄浦区,39,38267,
上海动物园,4A,上海·长宁区,长宁区,40,50855,
上海薰衣草公园,4A,上海·浦东新区,浦东新区,98,2349,
中共一大会址纪念馆,5A,上海·卢湾区,卢湾区,5,125,
花开海上生态园,4A,上海·金山区,金山区,28,1222,
狮子山,,丽江·丽江古城,丽江古城,28,3249,
云杉坪索道,,丽江·玉龙县,玉龙县,77,333,
木府,,丽江·丽江古城,丽江古城,20,12078,
拉市海骑马,,丽江·玉龙县,玉龙县,87,8,
丽江玉龙雪山大索道换票中心,,丽江,丽江,699,122,
拉市海茶马古道,,丽江·玉龙县,玉龙县,29,198,
丽江虎跳峡,,丽江·玉龙县,玉龙县,6518,2915,
牦牛坪索道,,丽江·玉龙雪山,玉龙雪山,88,2977,
云杉坪,,丽江·玉龙县,玉龙县,77,3385,
雪山峡谷演艺公园,,丽江·玉龙县,玉龙县,168,92,
拉市海美泉在水一方农庄,,丽江·玉龙县,玉龙县,160,18,
神秘女儿国,,丽江·古城区,古城区,128,8,
丽宁十八弯,,丽江·古城区,古城区,186,403,
泸沽湖尼塞鸟岛游船,,丽江·宁蒗县,宁蒗县,188,73,
丽江直升机空中游览,,丽江·玉龙雪山,玉龙雪山,930,7,
雪山神话,,丽江·玉龙县,玉龙县,168,4,
草海走婚桥,,丽江·泸沽湖,泸沽湖,186,1422,
里格村,,丽江·泸沽湖,泸沽湖,186,196,
玉龙雪山索道,,丽江·玉龙雪山,玉龙雪山,206,3567,
猪槽船游湖（里格码头）,,丽江·宁蒗县,宁蒗县,190,35,
文峰寺,,丽江·玉龙县,玉龙县,7,34,
大落水村,,丽江·宁蒗县,宁蒗县,188,498,
里格半岛,,丽江·宁蒗县,宁蒗县,186,1426,
极地探游玉龙雪山滑翔伞飞行营地,,丽江,丽江,200,3,
丽江三川云来滑翔伞飞行营地,,丽江·永胜县,永胜县,200,2,
格姆女神山,,丽江·宁蒗县,宁蒗县,110,422,
白水河,,丽江·玉龙雪山,玉龙雪山,218,507,
情人树,,丽江·宁蒗县,宁蒗县,70,2251,
海棠湾后海冲浪基地,,三亚·海棠区,海棠区,88,34,
三亚扬帆游艇俱乐部,,三亚,三亚,79,3192,
三亚丝路欢乐世界,,三亚·天涯区,天涯区,118,340,
三亚半岭温泉,,三亚,三亚,88,2533,
海南新航家帆船出海,,三亚·河东区,河东区,100,178,
情人湾海钓,,三亚·鲸息湾,鲸息湾,80,139,
三亚猫猫岛,,三亚·天涯区,天涯区,88,156,
三亚市天映龙池,,三亚·天涯区,天涯区,59,3,
三亚亚特兰蒂斯度假区,,三亚·海棠湾,海棠湾,148,4169,
三亚湾红树林度假世界,,三亚·三亚湾,三亚湾,67.4,382,
九悦冲浪潜水俱乐部,,三亚·海棠区,海棠区,80,4,
椰梦长廊,,三亚·三亚湾,三亚湾,78,30,
天行森林公园,,三亚,三亚,9.8,689,
后海湾,,三亚·海棠湾,海棠湾,88,11,
红树林探险王国童玩中心,,三亚·三亚湾,三亚湾,89,1279,
鹿回头游船游艇码头,,三亚·天涯区,天涯区,90,2,
西岛潜水基地,,三亚·天涯区,天涯区,98,63,
三亚冲浪,,三亚·海棠区,海棠区,95,47,
好汉坡南田温泉,,三亚·海棠湾,海棠湾,110,2003,
秘乐潜水冲浪俱乐部,,三亚,三亚,95,5,
三亚千古情,,三亚·河东区,河东区,280,48045,
西岛渔村,,三亚·天涯区,天涯区,98,255,
三亚海棠湾红树林动力滑翔伞飞行营地,,三亚·海棠区,海棠区,680,16,
亚龙通航直升机（海棠湾广场基地）,,三亚·三亚湾,三亚湾,798,112,
三亚凤凰岛,,三亚·三亚湾,三亚湾,65,914,
半山半岛帆船港,,三亚,三亚,158,58,
夜游三亚湾,,三亚·三亚湾,三亚湾,69,8947,
亚龙湾,,三亚,三亚,245,14041,
蜈支洲岛questing趣玩海岛露营地,,三亚·海棠区,海棠区,140,89,
金鸡湖,5A,苏州·工业园区,工业园区,75,4307,
白马涧,4A,苏州·高新区,高新区,54,3346,
昆山亭林园,4A,苏州·昆山市,昆山市,10,522,
网师园,4A,苏州·沧浪区,沧浪区,40,5646,
山塘街,4A,苏州·姑苏区,姑苏区,28,789,
大如意圣境（苏州大观音禅寺）,4A,苏州·太湖西山岛,太湖西山岛,57,773,
七里山塘,4A,苏州·姑苏区,姑苏区,28,8214,
苏州太湖国家湿地公园,4A,苏州·高新区,高新区,55,8301,
香山景区,4A,苏州·张家港市,张家港市,39.7,1526,
缥缈峰,4A,苏州·太湖西山岛,太湖西山岛,70.9,907,
黎里古镇,4A,苏州,苏州,48,82,
阳澄湖半岛旅游度假区,,苏州·工业园区,工业园区,15,448,
暨阳湖生态园,4A,苏州,苏州,53.8,6,
中国刺绣艺术馆,4A,苏州·高新区,高新区,25,75,
圆通寺,3A,苏州·吴江区,吴江区,699,211,
甪直古镇,4A,苏州·吴中区,吴中区,45,3422,
盘门,4A,苏州·沧浪区,沧浪区,35.5,4891,
天池山,4A,苏州·吴中区,吴中区,48,2017,
平江路,4A,苏州·太仓市,太仓市,88,255,
苏州雅韵汗蒸温泉,,苏州·吴中区,吴中区,39.9,21,
蒋巷生态园,,苏州·常熟市,常熟市,19.9,68,
林渡小火车,,苏州·吴中区,吴中区,38,6,
大阳山国家森林公园,4A,苏州·虎丘区,虎丘区,35,1235,
木渎古镇,4A,苏州·吴中区,吴中区,62,5751,
太湖花海主题度假乐园,,苏州·吴中区,吴中区,30,56,
锦溪古镇,4A,苏州·昆山市,昆山市,42.8,2531,
静思园,4A,苏州·吴江区,吴江区,57.5,482,
震泽古镇,4A,苏州·吴江区,吴江区,30,298,
牧谷农场,,苏州·相城区,相城区,7,176,
周庄生命奥秘博物馆,3A,苏州·昆山市,昆山市,69,371,
蒋巷村,4A,苏州·常熟市,常熟市,19.9,102,
荷塘月色湿地公园,3A,苏州·相城区,相城区,18,1338,
曲江海洋极地公园,4A,西安·曲江旅游度假区,曲江旅游度假区,175,22539,
西安关中民俗艺术博物院,4A,西安·长安区,长安区,99,766,
小雁塔,,西安·碑林区,碑林区,58,3451,
回民街,,西安·莲湖区,莲湖区,0.6,20004,
沙河湿地公园,4A,西安,西安,298,2,
中国唐苑,,西安·雁塔区,雁塔区,7,402,
大兴善寺,,西安·雁塔区,雁塔区,7,345,
西安钟楼,,西安·碑林区,碑林区,30,19096,
临潼博物馆,,西安·临潼区,临潼区,99,6394,
祥峪森林公园,,西安·长安区,长安区,28.6,681,
香积寺,,西安·长安区,长安区,0.1,128,
革命公园,,西安·新城区,新城区,7,85,
未央湖游乐园,,西安·未央区,未央区,29.7,244,
楼观台国家森林公园,,西安·周至县,周至县,8,288,
草堂寺,,西安·户县,户县,7,60,
终南山•南五台景区,,西安·终南山,终南山,45,3101,
大唐不夜城,,西安·曲江旅游度假区,曲江旅游度假区,30,11428,
鸿门宴遗址,,西安·临潼区,临潼区,7,128,
西安植物园（曲江园区）,,西安·雁塔区,雁塔区,9.9,1308,
永兴坊,,西安·新城区,新城区,54,17106,
二虎守长安,,西安·白鹿原影视城,白鹿原影视城,118,174,
终南山,,西安·长安区,长安区,45,471,
太奥幻太奇海洋馆,,西安,西安,79,366,
奇迹农庄,,西安,西安,80,18,
秦岭九龙潭,,西安·长安区,长安区,33,60,
汤峪温泉碧水湾,,西安·蓝田县,蓝田县,44.9,697,
水丽丰温泉,,西安·碑林区,碑林区,106,27,
怀柔青龙峡,4A,北京·怀柔区,怀柔区,54,2620,
仙居谷,4A,北京·密云县,密云县,18,224,
百里山水画廊—硅化木,,北京·百里山水画廊,百里山水画廊,30,45,
雁栖湖旅游区,4A,北京·怀柔区,怀柔区,42,6903,
金海湖风景区,4A,北京·平谷区,平谷区,40,6856,
十渡风景区,4A,北京·房山区,房山区,8,6278,
国家植物园（原北京植物园）,4A,北京·海淀区,海淀区,10,3404,
房山百花山风景区,,北京·房山区,房山区,60,71,
百里山水画廊—乌龙峡谷,,北京·百里山水画廊,百里山水画廊,30,143,
北海公园,4A,北京·西城区,西城区,10,19428,
黄花城水长城,4A,北京·怀柔区,怀柔区,58,3956,
周口店北京猿人遗址公园,4A,北京·房山区,房山区,25,1404,
戒台寺,4A,北京·门头沟区,门头沟区,45,812,
北京莱恩堡国际酒庄,,北京·房山区,房山区,40,16,
八达岭国家森林公园,,北京·延庆县,延庆县,33,177,
奥林匹克公园,5A,北京·朝阳区,朝阳区,29,3372,
京东大峡谷,4A,北京·平谷区,平谷区,75,1067,
北京汽车博物馆,4A,北京·丰台区,丰台区,25,13092,
喇叭沟原始森林公园,,北京·怀柔区,怀柔区,38,1362,
北京园博园,4A,北京·丰台区,丰台区,0.6,9139,
石门国家森林公园,4A,广州·从化市,从化市,9,328,
广东科学中心,4A,广州·番禺区,番禺区,59.7,39095,
陈家祠,4A,广州·荔湾区,荔湾区,50,3394,
沙湾古镇,4A,广州·番禺区,番禺区,30,2136,
永庆坊,4A,广州·荔湾区,荔湾区,55,120,
中山纪念堂,4A,广州·越秀区,越秀区,9,3042,
黄埔军校旧址纪念馆,4A,广州·黄埔区,黄埔区,0.5,1333,
岭南印象园,4A,广州·番禺区,番禺区,52.3,20421,
石头记矿物园,4A,广州·芙蓉度假村,芙蓉度假村,54.8,1237,
广州融创乐园,4A,广州·广州融创文旅城,广州融创文旅城,205,10215,
广州番禺莲花山,4A,广州·番禺区,番禺区,54,1297,
越秀公园,4A,广州·越秀区,越秀区,0.1,2145,
正佳广场商贸旅游区,4A,广州·天河区,天河区,81.8,2891,
九龙湖度假区,4A,广州·花都区,花都区,58,26,
广州融创体育世界,4A,广州·广州融创文旅城,广州融创文旅城,177.8,937,
南越王博物馆,4A,广州·越秀区,越秀区,60,867,
广州融创文旅城,4A,广州·花都区,花都区,177.8,1803,
鼓浪屿日本领事馆旧址,,厦门·思明区,思明区,95,39,
五缘湾 五缘通帆船,,厦门·思明区,思明区,78,165,
汤里温泉,,厦门·同安区,同安区,68,228,
厦门五通码头帆船俱乐部,,厦门·湖里区,湖里区,78,17,
厦门Meland Club (集美世茂店),,厦门·集美区,集美区,50,8,
星空魔幻城,,厦门·思明区,思明区,49.9,174,
厦门海上游,,厦门·思明区,思明区,69,69,
梦幻陆世界,,厦门·巨鹏飞梦幻海岸,巨鹏飞梦幻海岸,49.9,2850,
巨鹏飞梦幻海岸,,厦门·思明区,思明区,49.9,6546,
狐尾山公园,,厦门·思明区,思明区,45,70,
五缘湾国际游艇会,,厦门·五缘湾帆船港,五缘湾帆船港,78,178,
金穗园温泉,,厦门·同安区,同安区,58,2673,
英雄三岛战地观光园,,厦门·同安区,同安区,38,190,
厦门中非世野野生动物园,,厦门·翔安区,翔安区,49.5,822,
七彩环岛公路,,厦门·思明区,思明区,55,1441,
大嶝岛,,厦门·翔安区,翔安区,19,224,
盛之乡温泉渡假村,,厦门·同安区,同安区,148,1100,
厦门晟达海帆船出海体验,,厦门,厦门,55,16,
嘉庚公园,,厦门·陈嘉庚纪念胜地景区,陈嘉庚纪念胜地景区,0.5,1048,
五缘湾万嘀帆船出海,,厦门·五缘湾帆船港,五缘湾帆船港,68,4031,
万国建筑博览,,厦门·思明区,思明区,70,865,
国际刻字艺术馆,,厦门·鼓浪屿,鼓浪屿,5,3569,
五缘湾游海帆船出海,,厦门·湖里区,湖里区,78,13,
浦江郊野公园,4A,上海·闵行区,闵行区,44.8,1248,
月湖雕塑公园,4A,上海·佘山国家旅游度假区,佘山国家旅游度假区,100,2049,
醉白池,4A,上海·松江区,松江区,12,192,
东方绿舟,4A,上海·青浦区,青浦区,42.6,11195,
广富林文化遗址,4A,上海·松江区,松江区,5,6049,
海上花岛（前卫生态村）,4A,上海·崇明县,崇明县,19.9,15,
顾村公园,4A,上海·宝山区,宝山区,49.9,9781,
东滩湿地公园,4A,上海·崇明岛,崇明岛,42.9,2965,
荷花博览园,3A,上海·崇明县,崇明县,19.9,102,
宋庆龄故居,4A,上海·徐汇区,徐汇区,5,277,
锦江乐园,4A,上海·闵行区,闵行区,79,7226,
佘山国家森林公园,4A,上海·佘山国家旅游度假区,佘山国家旅游度假区,6,28,
上海世茂精灵之城主题乐园（蓝精灵乐园）,4A,上海·上海世茂精灵之城主题乐园（深坑秘境）,上海世茂精灵之城主题乐园（深坑秘境）,159,3287,
方塔园,4A,上海·松江区,松江区,12,744,
上海植物园,4A,上海·徐汇区,徐汇区,1.9,2046,
上海世茂精灵之城主题乐园（深坑秘境）,3A,上海·松江区,松江区,120,2960,
汤连得(长清店),,上海·浦东新区,浦东新区,49,201,
南翔古镇,4A,上海·嘉定区,嘉定区,18,632,
上海世纪公园,4A,上海·浦东新区,浦东新区,5,10437,
七宝古镇,4A,上海·闵行区,闵行区,7,74,
上海欢乐谷,4A,上海·松江区,松江区,260,77713,
上海大观园,4A,上海·青浦区,青浦区,50,4575,
上海影视乐园,4A,上海·松江区,松江区,64,21391,
上海海洋水族馆,4A,上海·浦东新区,浦东新区,155,59919,
淳之当代瓷器博物馆,,上海·奉贤区,奉贤区,26.9,36,
江南三民文化村,4A,上海·崇明县,崇明县,42.6,173,
上海汽车博览公园,4A,上海·嘉定区,嘉定区,55,286,
枫泾古镇,4A,上海·金山区,金山区,38,1887,
丽江帷幕开啦蜡像馆,,丽江·丽江古城,丽江古城,34,29,
东巴探险中心,,丽江·玉龙县,玉龙县,258,6,
冰川公园,,丽江·玉龙雪山,玉龙雪山,206,3713,
白沙古镇,,丽江·古城区,古城区,7,291,
姊妹湖,,丽江·玉龙县,玉龙县,20,1,
东巴王国,,丽江·玉龙县,玉龙县,7,34,
拉市海千里走单骑马场,,丽江·玉龙县,玉龙县,160,12,
海棠湾海棠广场,,三亚·海棠湾,海棠湾,196,192,
大东海夜市,,三亚·大东海,大东海,1099,19,
三亚逸景游艇帆船俱乐部,,三亚·吉阳区,吉阳区,128,1,
亚龙通航直升机体验（海昌不夜城基地）,,三亚·海棠湾,海棠湾,128,10,
美亚航空低空飞行观光,,三亚·三亚湾,三亚湾,128,4,
电瓶车环岛,,三亚,三亚,128,282,
三亚恐龙博物馆,,三亚·天涯区,天涯区,75,13,
狼人冲浪俱乐部,,三亚,三亚,168,47,
半岛田园,,苏州·工业园区,工业园区,29.9,56,
苏州沙溪古镇,4A,苏州·太仓市,太仓市,25,400,
平江历史文化街区,4A,苏州·平江区,平江区,150,1680,
嘎嘎部落,,苏州·常熟市,常熟市,19.9,46,
周庄绿乐园,,苏州·周庄,周庄,7,195,
长乐公园游乐场,,西安·碑林区,碑林区,88,59,
西安鲸鱼沟竹海风景区,,西安·灞桥区,灞桥区,32,466,
华清御汤温泉,,西安·临潼区,临潼区,259,99,
灞业3000m汤泉,,西安,西安,128,420,
青曲社（易俗街区店）,,西安,西安,118,6,
西安秦岭欢乐世界,,西安·长安区,长安区,15,2520,
骊山,,西安·临潼区,临潼区,30,166,
张裕爱斐堡,4A,北京·密云县,密云县,78,2102,
北京世园公园,4A,北京·延庆县,延庆县,50,29964,
大运河森林公园,4A,北京·通州区,通州区,89,85,
南池子美术馆,,北京·东城区,东城区,80,27,
潭柘寺,4A,北京·门头沟区,门头沟区,50,5523,
红螺寺,4A,北京·怀柔区,怀柔区,27,4469,
大岭沟猕猴桃谷,,北京·昌平区,昌平区,30,71,
乐多港卡乐星球,4A,北京·昌平区,昌平区,168,1841,
司马台长城,4A,北京·密云县,密云县,40,6857,
景山公园,4A,北京·西城区,西城区,6.8,16443,
周口店遗址博物馆,4A,北京·周口店北京猿人遗址公园,周口店北京猿人遗址公园,25,538,
北京凤凰岭景区,4A,北京·海淀区,海淀区,25,1703,
南宫旅游景区,4A,北京·丰台区,丰台区,9.9,828,
京东石林峡,4A,北京·平谷区,平谷区,65,5525,
陶然亭公园,4A,北京·宣武区,宣武区,10,1915,
地坛公园,4A,北京·东城区,东城区,0.1,1360,
奥林匹克水上公园,4A,北京·顺义区,顺义区,20,502,
黑龙潭风景区,4A,北京·密云县,密云县,58,2472,
韩礼臣playday运动街区,,广州·天河区,天河区,79,5,
广东省博物馆,,广州·天河区,天河区,0.1,9171,
番禺欢乐森林,,广州·番禺区,番禺区,19.9,1798,
大夫山森林公园,,广州·番禺区,番禺区,9,458,
宝桑园,3A,广州·花都区,花都区,43.5,423,
广州光孝寺,,广州·越秀区,越秀区,0.6,308,
荔枝湾涌,,广州·荔湾区,荔湾区,55,13,
广州长隆欢乐世界,,广州·广州长隆旅游度假区,广州长隆旅游度假区,148,114914,
天鹿湖森林公园,,广州·黄埔区,黄埔区,5,491,
二沙岛,,广州·越秀区,越秀区,7,31,
黄花岗七十二烈士陵园,4A,广州·越秀区,越秀区,258,244,
千泷沟大瀑布,,广州·从化市,从化市,65,2045,
广州钧明欢乐世界,,广州,广州,19,330,
和营天下北纬23°8′森林营地,,广州,广州,58,42,
稻喜湾温泉,,广州·从化市,从化市,10,64,
广州客天下旅游度假区,,广州,广州,48,28,
花都志惠梦花海,,广州·花都区,花都区,45,217,
珠江夜游蓝海豚游船,,广州·越秀区,越秀区,178,1529,
香草世界,,广州·花都区,花都区,65,2576,
美林湖温泉,,广州·花都区,花都区,108,4289,
同安影视城,,厦门·同安区,同安区,25,2420,
厦门五缘湾拓海帆船俱乐部,,厦门·五缘湾帆船港,五缘湾帆船港,38,332,
香山游艇会,,厦门·思明区,思明区,60,90,
世茂云上厦门观光厅,,厦门·思明区,思明区,69.9,8684,
罗约温泉,,厦门,厦门,79,24,
鼓浪屿往返轮渡,,厦门·鼓浪屿,鼓浪屿,55,51504,
五缘湾湿地公园,,厦门·湖里区,湖里区,55,118,
椰风寨,,厦门·思明区,思明区,99,202,
高家庄园,4A,上海·崇明岛,崇明岛,15,108,
上海博物馆,4A,上海·黄浦区,黄浦区,0.8,6703,
碧海金沙,4A,上海·奉贤区,奉贤区,30,5349,
东林寺,4A,上海·金山区,金山区,3,858,
上海奕欧来奥特莱斯,4A,上海,上海,538,3,
吴淞炮台湾湿地森林公园,4A,上海·宝山区,宝山区,9,7,
寻梦源梦水乡,,上海·朱家角古镇,朱家角古镇,45,317,
中国航海博物馆,4A,上海·浦东新区,浦东新区,27,5186,
上海玻璃博物馆,4A,上海·宝山区,宝山区,80,1692,
朱家角古镇,4A,上海·青浦区,青浦区,75,3594,
共青森林公园,4A,上海·杨浦区,杨浦区,258,1909,
泰会生活文化园,4A,上海,上海,50,1,
青羊宫,,成都·青羊区,青羊区,0.6,1257,4.5
成都环球中心,,成都·武侯区,武侯区,99,3030,4.9
探洞工场( 环球中心旗舰店),,成都·武侯区,武侯区,168,35,5.0
鱼嘴滑翔伞俱乐部(都江堰店),,成都,成都,780,14,5.0
南桥,,成都·灌县古城,灌县古城,148,2000,5.0
青城山前山,,成都·青城山,青城山,148,806,5.0
牧云听风星空露营地,,成都·金堂县,金堂县,120,1,5.0
海滨城浩海立方海洋馆,,成都·双流区,双流区,188,13646,4.9
蜀乐池温泉,,成都·温江区,温江区,168,1393,4.9
雲上自然缘森林温泉,,成都·崇州市,崇州市,138,2,5.0
立巢航空博物馆,,成都·高新区,高新区,157,512,5.0
花重锦官城·妙剧场,,成都·青羊区,青羊区,125,31,5.0
杰克船长的奇幻动物世界,,成都,成都,128,156,5.0
宝瓶口,,成都·都江堰,都江堰,180,123,5.0
锦里,,成都·武侯区,武侯区,104,5254,4.6
简途.四川旅游直通车,,成都,成都,150,3,5.0
天府广场,,成都·青羊区,青羊区,88,65,4.5
海窝子古镇,,成都·彭州市,彭州市,150,17,4.8
汤乐源温泉体验馆,,成都·武侯区,武侯区,169,1066,5.0
成都融创文旅城,,成都·都江堰市,都江堰市,188,616,5.0
中国川菜博览馆,,成都·郫都区,郫都区,28,2,4.5
九峰山风景名胜区,,成都·彭州市,彭州市,100,15,4.7
琴台故径,,成都·青羊区,青羊区,120,1743,4.6
新津玫瑰花海,,成都,成都,19.9,6,5.0
拾野自然博物馆,,成都·成华区,成华区,80,263,5.0
花水湾第一村温泉,,成都·花水湾温泉旅游度假区,花水湾温泉旅游度假区,98,778,4.8
蜀国鹃都,,成都·郫都区,郫都区,7,137,4.8
都江堰中华大熊猫苑,,成都·都江堰市,都江堰市,53,6310,4.9
成都哆呐星球梦幻主题乐园,,成都·双流区,双流区,69,380,4.9
大梁酒庄田园乐翻天乐园,,成都·邛崃市,邛崃市,35.9,1307,4.8
三岔湖环球融创天堂洲际酒店水乐园,,成都·武侯区,武侯区,88,225,4.9
成都卡拉卡拉漫温泉,,成都·金牛区,金牛区,73,839,4.9
离堆公园,,成都·都江堰市,都江堰市,217,373,5.0
慕藤月鲜花农场,,成都·崇州市,崇州市,29.9,4,5.0
心道天堂,,成都·新津县,新津县,29.9,23,5.0
成都江滩公园,,成都·武侯区,武侯区,30,8,5.0
成都蜀锦织绣博物馆,,成都·青羊区,青羊区,29.9,4,5.0
成都city tour观光巴士,,成都·青羊区,青羊区,30,31,4.8
梅花剧社川剧变脸演出,,成都·成华区,成华区,55,115,5.0
虹口花谷,,成都·都江堰市,都江堰市,9.3,38,4.9
飞沙堰,,成都·都江堰,都江堰,180,290,5.0
天府童村,,成都·双流区,双流区,40,10,5.0
启点营地,,成都·崇州市,崇州市,39.9,1,5.0
许燎原艺术馆,,成都·锦江区,锦江区,15,41,4.9
新都尖锋旱雪四季滑雪场,,成都·新都区,新都区,110,178,4.9
川西竹海景区,,成都·邛崃市,邛崃市,57.4,9671,5.0
望江楼公园,,成都·武侯区,武侯区,59.9,1466,4.8
邛人部落,,成都·邛崃市,邛崃市,24.3,40,5.0
繁花山谷-自然王国乐园,,成都·金堂县,金堂县,27.8,145,4.9
南宝山旅游度假区,,成都·邛崃市,邛崃市,49.9,694,4.9
崇州天演博物馆,,成都·崇州市,崇州市,45,58,5.0
新希望种子乐园,,成都,成都,39.9,1699,5.0
安澜索桥,,成都·都江堰,都江堰,148,964,5.0
成都浣花溪公园,,成都·青羊区,青羊区,29.9,1730,5.0
水井坊博物馆,,成都·锦江区,锦江区,2,317,4.6
鲁家滩小火车,,成都·温江区,温江区,26.9,26,5.0
春熙路,,成都·锦江区,锦江区,60,3636,4.9
刘文辉公馆延庆园,,成都·安仁古镇,安仁古镇,19,39,5.0
神獒国际户外运动村,,成都·双流区,双流区,29.9,207,5.0
山居水月·温泉会馆,,成都·崇州市,崇州市,55,110,5.0
飞越丛林探险乐园（三道堰园区）,,成都,成都,50,189,5.0
梨花溪,,成都·新津县,新津县,9,699,4.8
南湖梦幻岛,,成都·双流区,双流区,7,10768,4.8
成都博物馆,,成都·青羊区,青羊区,0.6,10219,5.0
鱼凫国都温泉,,成都·温江区,温江区,98,961,4.8
都江堰檩然温泉度假酒店,,成都·都江堰,都江堰,865,29,4.8
梵高星空艺术馆（成都春熙路旗舰店）,,成都·锦江区,锦江区,49.9,350,5.0
天宝温泉,,成都·彭州市,彭州市,88,122,4.9
问花村,,成都·都江堰市,都江堰市,39,588,5.0
太阳湾,,成都·彭州市,彭州市,40,516,4.9
都江堰水街,,成都·都江堰市,都江堰市,180,91,5.0
成都滑翔伞飞行体验基地,,成都·大邑县,大邑县,50,2,4.5
二王庙,,成都·都江堰,都江堰,216,372,5.0
安仁共品钱币博物馆,,成都·安仁古镇,安仁古镇,27,9,4.4
燃Space新运动潮玩空间,,成都·锦江区,锦江区,188,14,5.0
玉垒山,,成都·灌县古城,灌县古城,180,65,5.0
都江堰文庙,,成都·灌县古城,灌县古城,180,59,4.9
山景豪宜温泉,,成都·都江堰市,都江堰市,128,13,4.7
青城外山,,成都·都江堰市,都江堰市,216,6,5.0
秦堰楼,,成都·都江堰,都江堰,217,1,5.0
川菜博物馆,,成都·郫都区,郫都区,280,656,4.6
香港MAG环球3D魔幻馆（成都站）,,成都·青羊区,青羊区,88,2,4.5
黄龙溪廊桥,,成都·双流区,双流区,223,117,5.0
永陵,,成都·金牛区,金牛区,20,21,4.2
都江堰虹口山景豪宜酒店,,成都·都江堰市,都江堰市,128,14,4.6
音乐剧《熊猫》,,成都,成都,238,14,5.0
家园国际酒店,,成都·武侯区,武侯区,88,13,4.4
尚润度假酒店城市温泉,,成都·新津县,新津县,78,7,4.3
天府国际慢城阿牛小火车,,成都·崇州市,崇州市,30,2,4.0
炫地沙滩车越野俱乐部(双流基地),,成都·双流区,双流区,278,3,5.0
环球中心海洋乐园,,成都·武侯区,武侯区,271,15062,4.9
成都小酒馆,,成都·武侯区,武侯区,280,17,5.0
诺威骑士马术中心,,成都,成都,288,1,5.0
成都人民公园,,成都·青羊区,青羊区,270,29,4.9
成都周游卡（青城山—都江堰+熊猫基地）,,成都·都江堰市,都江堰市,545,58,4.9
锦江夜游,,成都·锦江区,锦江区,118,490,5.0
猫咪博物馆&神兽羊驼馆,,成都·武侯区,武侯区,49,3,5.0
成都悬空玻璃艺术馆,,成都·锦江区,锦江区,49.9,26,5.0
猫咪博物馆,,成都·青羊区,青羊区,49,6,5.0
成都新光速卡丁车俱乐部,,成都·武侯区,武侯区,78,29,5.0
都江堰茶溪谷,,成都·都江堰市,都江堰市,19.9,269,4.7
成都三和老爷车博物馆,,成都·武侯区,武侯区,98,781,4.9
成都当代影像馆,,成都·金牛区,金牛区,60,5,5.0
知美术馆,,成都·新津县,新津县,60,7,5.0
活水公园,,成都·锦江区,锦江区,59.9,1,5.0
蔚蓝欢乐世界(花园城国际度假中心店),,成都·双流区,双流区,68,19,5.0
成都热雪奇迹,,成都·都江堰市,都江堰市,188,6613,5.0
回龙沟,,成都·彭州市,彭州市,40,47,4.7
逐梦枫煌体育公园,,成都·双流区,双流区,69,6,5.0
哆呐星球,,成都·双流区,双流区,69,12,5.0
大慈寺,,成都·锦江区,锦江区,66,133,4.8
尚公馆·水韵城市温泉水疗,,成都·锦江区,锦江区,98,119,5.0
大邑喜心温泉,,成都·大邑县,大邑县,80,2,5.0
日月坪,,成都·大邑县,大邑县,139.9,460,5.0
宝山温泉,,成都·彭州市,彭州市,128,104,5.0
玉垒阁,,成都·都江堰,都江堰,148,1860,5.0
格林庄园,,成都·大邑县,大邑县,88,1,5.0
四川博物院,,成都·青羊区,青羊区,79,204,4.9
生命奥秘博物馆,,成都·青羊区,青羊区,88,799,4.9
文殊院,,成都·青羊区,青羊区,5,1168,4.5
花水湾豪生百乐汤温泉,,成都·大邑县,大邑县,148,212,5.0
花水湾四季温泉谷,,成都·花水湾温泉旅游度假区,花水湾温泉旅游度假区,129,860,4.9
西岭雪山滑雪场,,成都·西岭雪山,西岭雪山,128,6878,5.0
街子悠游岛,,成都·崇州市,崇州市,79,261,5.0
成都融创乐园,,成都·都江堰市,都江堰市,118,11778,5.0
刘文辉旧居陈列馆,,成都·安仁古镇,安仁古镇,18,91,5.0
成都鸟语林,,成都·锦江区,锦江区,29,185,5.0
新濠温泉,,成都·都江堰市,都江堰市,79.9,233,5.0
亚特波塞冬欢乐世界,,成都·新津县,新津县,35.8,1505,4.9
彭州蝴蝶生态城,,成都·龙门山,龙门山,7,28,4.1
龙泉驿欢乐田园,,成都·龙泉驿,龙泉驿,90,3087,5.0
成都独角兽星空艺术馆,,成都·锦江区,锦江区,49.9,14,5.0
三圣玫瑰谷,,成都·锦江区,锦江区,15,36,5.0
彭州· 湔江河谷旅游小火车,,成都·彭州市,彭州市,29.9,22,5.0
黄龙溪欢乐田园,,成都·双流区,双流区,108,16986,5.0
何日君温泉水疗（倪家桥店）,,成都·武侯区,武侯区,129,378,5.0
竹溪湖,,成都·邛崃市,邛崃市,10,93,4.5
都江堰玫瑰花溪谷,,成都·都江堰市,都江堰市,38.8,373,4.9
宽窄巷子,,成都·青羊区,青羊区,0.2,7348,4.7
成都海泉湾美憬阁索菲特酒店温泉,,成都·金堂县,金堂县,188,124,5.0
国色天乡·童话世界,,成都·国色天乡,国色天乡,118,6169,4.8
青城山心越道温泉,,成都·青城山,青城山,98,89,5.0
花熳天下景区,,成都·金堂县,金堂县,7,1,5.0
好秾人有机农庄,,成都·龙泉驿,龙泉驿,58,91,4.8
柳凤休闲岛,,成都·都江堰,都江堰,15,13,5.0
熊猫香山,,成都·彭州市,彭州市,9.9,11,5.0
熊猫时空馆,,成都·成华区,成华区,39.9,169,5.0
道源圣城文化景区,,成都·大邑县,大邑县,9,4,5.0
国色天乡·幸福摩天轮,,成都·国色天乡,国色天乡,35,1165,4.8
成都美洲四季滑雪场,,成都·武侯区,武侯区,138,180,4.2
建福宫,,成都·青城山,青城山,599,16,5.0
成都大坪滑翔乐园,,成都·大邑县,大邑县,780,5,4.2
老君阁,,成都·青城山,青城山,599,94,5.0
赵公山,,成都·都江堰市,都江堰市,100,4,4.0
天师洞,,成都·青城山,青城山,599,3,5.0
全真观,,成都·青城山,青城山,599,1,5.0
五行仙谷汤池,,成都·都江堰市,都江堰市,88,36,3.8
鱼嘴分水堤,,成都·都江堰,都江堰,198,122,4.0
成都高空跳伞基地,,成都·崇州市,崇州市,1880,1,5.0
万达城开心动物城,,成都·都江堰市,都江堰市,799,22,5.0
成都游乐园,,成都·成华区,成华区,1655,2,5.0
青城道温泉,,成都·都江堰市,都江堰市,148,4197,4.8
何日君温泉水疗（静居寺店）,,成都·锦江区,锦江区,129,418,4.9
天台山滑翔伞俱乐部,,成都·成都天台山,成都天台山,780,6,5.0
蓝色气流高空跳伞,,成都·崇州市,崇州市,100,2,5.0
四川豪芸通用航空基地,,成都·崇州市,崇州市,2880,1,5.0
宝山卡丁车俱乐部,,成都·彭州市,彭州市,100,14,5.0
中国泰迪熊博物馆,,成都·温江区,温江区,50,4006,4.6
四川科技馆,,成都·青羊区,青羊区,175,2722,4.9
熊猫谷,,成都·都江堰市,都江堰市,148,630,5.0
金堂梨花沟温泉度假村,,成都·金堂县,金堂县,120,5,5.0
花水湾叠香溪温泉酒店,,成都·花水湾温泉旅游度假区,花水湾温泉旅游度假区,68,79,4.9
都江堰动物王国,,成都·都江堰市,都江堰市,29.5,47,4.9
梵高星空美术馆（春熙路旗舰店）,,成都·锦江区,锦江区,37.9,53,5.0
慢时光鲜花小镇,,成都·温江区,温江区,7,27,4.9
龙腾居家庭农场,,成都·崇州市,崇州市,20,6,5.0
西岭雪山大飞水景区,,成都·西岭雪山,西岭雪山,30,345,5.0
成都自然博物馆,,成都·成华区,成华区,20,824,5.0
金堂县金沙乐园摩天轮广场,,成都·金堂县,金堂县,19.9,14,5.0
味江˙九州实景江湖,,成都·崇州市,崇州市,19.9,3,5.0
喆航帆船俱乐部,,厦门·湖里区,湖里区,78,,
香山海航游艇帆船体验,,厦门,厦门,78,,
森田游戏·沉浸式剧情演绎密室（中华城店）,,厦门·思明区,思明区,78,,
飞蛾赛车馆中山路来雅百货店,,厦门,厦门,80,,
厦门大学科技园,,厦门·思明区,思明区,98,,
厦门丝鹭游艇,,厦门,厦门,168,,
五缘湾游艇服务中心,,厦门·湖里区,湖里区,198,,
铁路文化公园,,厦门·思明区,思明区,488,1,1.0
跟浪者帆船游艇俱乐部,,厦门·思明区,思明区,228,,
百渡航海游艇帆船俱乐部,,厦门·思明区,思明区,228,,
汀溪水库,,厦门·同安区,同安区,378,,
厦门有限公司(欢浪游艇),,厦门·思明区,思明区,2800,,
吉祥湾游艇俱乐部,,厦门,厦门,1800,,
厦门园博苑,4A,厦门·集美区,集美区,0,5399,4.9
厦门园林博览苑景区,4A,厦门·集美区,集美区,0,620,4.7
厦门红点设计博物馆,,厦门·湖里区,湖里区,0,43,4.7
鹭江悠游（旅游客运码头）,,厦门·思明区,思明区,0,312,4.7
黑科季,,厦门·思明区,思明区,0,120,5.0
三一堂,,厦门·鼓浪屿,鼓浪屿,0,33,4.9
厦门失恋博物馆,,厦门·思明区,思明区,0,164,5.0
厦门帆迎水上运动俱乐部,,厦门·湖里区,湖里区,0,17,4.8
友铭堂大型综合体验馆,,厦门·鼓浪屿,鼓浪屿,0,20,4.9
中华奇石馆,,厦门·厦门古龙酱文化园,厦门古龙酱文化园,0,4,4.5
幻光之城,,厦门·思明区,思明区,0,50,5.0
一国两制沙滩,,厦门·思明区,思明区,0,4,5.0
食物狂想博物馆,,厦门·思明区,思明区,0,37,5.0
鹭潮鼓浪屿美院,,厦门,厦门,0,2,5.0
风运帆船,,厦门·五缘湾帆船港,五缘湾帆船港,0,239,5.0
良人归国风体验馆(世茂Emall),,厦门·思明区,思明区,0,4,5.0
金农湾体验式休闲农场,,厦门·海沧区,海沧区,0,3,5.0
千日红三角梅园,,厦门·同安区,同安区,0,1,5.0
四落大厝,,厦门·鼓浪屿,鼓浪屿,0,24,4.7
星空失恋博物馆,,厦门·思明区,思明区,0,10,5.0
鼓浪屿食物狂想馆,,厦门·鼓浪屿,鼓浪屿,0,33,5.0
海月琴话,,厦门,厦门,0,1,5.0
跑跑卡丁车俱乐部,,厦门,厦门,0,180,5.0
厦门市博物馆新馆,,厦门·思明区,思明区,0,113,4.5
艾比仿生机器人体验馆,,厦门·鼓浪屿,鼓浪屿,0,8,5.0
尚澜帆船出海体验游,,厦门·五缘湾帆船港,五缘湾帆船港,0,11,5.0
“会动的”《清明上河图》全国教育巡展厦门站,,厦门·思明区,思明区,0,59,5.0
厦门飞虎帆船出海体验,,厦门·五缘湾帆船港,五缘湾帆船港,0,5,5.0
坤城温泉度假村,,厦门·海沧区,海沧区,0,72,4.8
厦门国际会议中心,,厦门·思明区,思明区,0,7,4.9
晟达海帆船俱乐部,,厦门·五缘湾帆船港,五缘湾帆船港,0,19,4.2
环鼓夜游,,厦门·思明区,思明区,0,168,4.9
招商蛇口邮轮母港,,深圳·南山区,南山区,97,831,5.0
盐田温泉,,深圳·盐田区,盐田区,38,1,5.0
蛇口码头,,深圳·南山区,南山区,97,867,5.0
大梅沙,,深圳·盐田区,盐田区,55,5863,4.8
华侨城,,深圳·南山区,南山区,398,24489,4.9
深圳锟鹏卡丁车,,深圳·宝安区,宝安区,52,6,5.0
深圳观光巴士,,深圳·南山区,南山区,50,13,5.0
meland(深圳前海欢乐港湾店),,深圳·宝安区,宝安区,50,4,5.0
云里梦想乐园,,深圳·龙岗区,龙岗区,99,267,4.9
大芬油画村,,深圳·龙岗区,龙岗区,7,12,4.8
可拉熊丛林探险营地,,深圳·龙岗区,龙岗区,60,8,5.0
世界之窗阿尔卑斯冰雪世界,,深圳·世界之窗,世界之窗,55,2268,4.9
深圳市当代艺术与城市规划馆,,深圳·福田区,福田区,60,4,5.0
东门,,深圳·罗湖区,罗湖区,35,564,4.7
深圳观澜海洋世界,,深圳·龙华新区,龙华新区,135,1337,5.0
海洋奇梦馆,,深圳·欢乐海岸,欢乐海岸,70,6984,4.8
欢乐港湾湾区之光摩天轮,,深圳·宝安区,宝安区,120,4136,5.0
金色海岸,,深圳·盐田区,盐田区,80,18,5.0
欢乐港湾,,深圳·宝安区,宝安区,120,440,5.0
金色海岸游艇,,深圳·盐田区,盐田区,80,3441,4.9
野趣时光-鹿嘴沙滩露营地,,深圳·龙岗区,龙岗区,88,2,5.0
地王大厦,,深圳·罗湖区,罗湖区,70,8559,4.6
大鹏半岛东西冲海岸线,,深圳·龙岗区,龙岗区,65,52,4.9
meland club(龙华壹方天地店),,深圳,深圳,100,4,5.0
深圳不可思议减压馆,,深圳·南山区,南山区,98,12,5.0
官湖村,,深圳·龙岗区,龙岗区,98,3,5.0
大梅沙国际水上运动中心,,深圳·盐田区,盐田区,1890,2,5.0
上海都市旅游观光巴士,,上海·静安区,静安区,57,1328,4.8
国际马戏剧场,,上海·上海野生动物园,上海野生动物园,70,6,5.0
周公馆,,上海·卢湾区,卢湾区,48,63,4.9
上海豫园星空梦幻馆,,上海·黄浦区,黄浦区,59.9,77,4.9
上海历史博物馆,,上海·长宁区,长宁区,158,50,4.7
虎鲸剧场《虎鲸科普秀》,,上海·浦东新区,浦东新区,80,5,5.0
外滩,,上海·黄浦区,黄浦区,45,9633,4.6
太空秘境体验馆,,上海·浦东新区,浦东新区,85,8,5.0
上海多乐岛蹦床蹦床公园（浦东店）,,上海·宝山区,宝山区,39,234,4.7
小小牧场,,上海·青浦区,青浦区,88,3,5.0
艺仓美术馆,,上海·浦东新区,浦东新区,88,48,5.0
大宁灵石公园,,上海·闸北区,闸北区,7,795,4.6
黄浦江,,上海·黄浦区,黄浦区,105,1655,5.0
涟泉大江户（上海莘庄店）,,上海·闵行区,闵行区,129,204,5.0
JOYPOLIS Wonder Forest 亲子乐园,,上海·普陀区,普陀区,90,5,5.0
Bright Land 耀心岛-亲子乐园,,上海·青浦区,青浦区,90,4,5.0
滴水湖壹号码头,,上海·浦东新区,浦东新区,1329,30,4.8
焕光森林•东方曦望,,上海·奉贤区,奉贤区,99,6,5.0
琉璃中国博物馆,,上海·卢湾区,卢湾区,54,778,4.8
练塘老街,,上海·青浦区,青浦区,99,1,5.0
奈尔宝家庭中心（前滩店）,,上海·浦东新区,浦东新区,99,3,5.0
奈尔宝家庭中心（上海长泰店）,,上海·浦东新区,浦东新区,99,5,5.0
陆家嘴中心绿地,,上海·浦东新区,浦东新区,100,1,5.0
上海Meland Club(南翔嘉定印象城),,上海·嘉定区,嘉定区,100,4,5.0
上海Meland Club(虹桥万象城店),,上海·闵行区,闵行区,100,1,5.0
奈尔宝家庭中心,,上海·闵行区,闵行区,99,14,4.6
上海星空艺术馆,,上海·黄浦区,黄浦区,39.9,194,5.0
上海自然博物馆,,上海·静安区,静安区,75,27711,4.9
上海失恋博物馆,,上海·黄浦区,黄浦区,49.5,1752,5.0
金色童话盛典,,上海·浦东新区,浦东新区,68,429,5.0
创极速光轮,,上海·上海迪士尼乐园,上海迪士尼乐园,68,916,5.0
申城观光双层巴士,,上海·陆家嘴,陆家嘴,49,347,5.0
meland club(瑞虹天地太阳宫店),,上海·虹口区,虹口区,100,12,5.0
独角兽星空艺术馆 田子坊旗舰店,,上海·黄浦区,黄浦区,59.9,43,5.0
广富林古陶艺术馆,,上海·广富林文化遗址,广富林文化遗址,5,8,5.0
广富林木艺展示馆,,上海·广富林文化遗址,广富林文化遗址,5,5,5.0
程十发祖居,,上海·枫泾古镇,枫泾古镇,5,4,5.0
枫泾人民公社旧址,,上海·金山区,金山区,5,3,5.0
小昆山,,上海·佘山国家森林公园,佘山国家森林公园,6,34,5.0
玉海棠棠果乐园,,上海·崇明县,崇明县,8,3,5.0
上海奇境迷宫探险馆,,上海·黄浦区,黄浦区,78,48,5.0
鹏新嘉定海洋世界,,上海·嘉定区,嘉定区,117,424,5.0
上海玩博会,,上海·新国际博览中心,新国际博览中心,9.9,25,5.0
上海人民广场,,上海·黄浦区,黄浦区,50,1731,4.9
上海外滩星空艺术馆,,上海·黄浦区,黄浦区,59.9,11949,5.0
遇见博物馆·上海静安馆,,上海·静安区,静安区,75,63,5.0
檀园,,上海·嘉定区,嘉定区,18,532,4.6
上海梵高星空艺术馆,,上海·松江区,松江区,39.9,328,5.0
草编文创馆,,上海·嘉定区,嘉定区,17.3,2,5.0
宝龙美术馆,,上海·闵行区,闵行区,50,127,5.0
上海名人蜡像馆,,上海·嘉定区,嘉定区,50,47,4.8
动吧donbar（陆家嘴旅游环线）,,上海,上海,22.5,2,5.0
上海新天地,,上海·黄浦区,黄浦区,228,24,4.8
季高兔窝窝PANCOAT乐园,,上海·松江区,松江区,128,160,5.0
上海犹太难民纪念馆,4A,上海·虹口区,虹口区,20,354,4.6
古猗园,4A,上海·嘉定区,嘉定区,0.9,1066,4.3
震旦博物馆,3A,上海·浦东新区,浦东新区,60,577,4.8
金茂大厦,4A,上海·浦东新区,浦东新区,160,1371,5.0
魔都悬空玻璃剧场,,上海·黄浦区,黄浦区,49.9,69,5.0
廊下生态园,4A,上海·金山区,金山区,7,98,4.1
ICE FAMILY冰乐园,,上海·宝山区,宝山区,100,3,5.0
上海杜莎夫人蜡像馆,4A,上海·黄浦区,黄浦区,200,39053,4.8
长风公园,4A,上海·普陀区,普陀区,190,1304,4.6
波兰倒置屋,,上海·金山区,金山区,25,379,4.9
上海佛罗伦萨小镇,3A,上海·浦东新区,浦东新区,49,1158,5.0
奉贤玉穗绿苑,3A,上海·奉贤区,奉贤区,99,2,5.0
上海宝山国际民间艺术博览馆,4A,上海·宝山区,宝山区,9,97,4.0
黄浦江游览（金陵东路码头）,,上海·黄浦区,黄浦区,88,755,5.0
韩湘水博园,3A,上海·闵行区,闵行区,32.9,207,3.9
山阳田园,,上海·金山区,金山区,50,100,5.0
海上花岛玫瑰汤泉,,上海,上海,68,17,5.0
青浦曲水园,,上海·青浦区,青浦区,7,104,5.0
花米庄行,3A,上海·奉贤区,奉贤区,7,45,4.2
云翔寺,,上海·嘉定区,嘉定区,7,33,4.9
鲁迅公园,3A,上海·虹口区,虹口区,7,4,4.0
季高兔窝窝亲子园,,上海,上海,59,413,5.0
动霸CHUA蹦床乐园,,上海,上海,118,28,4.9
书院人家,3A,上海·浦东新区,浦东新区,8,1,4.0
滨江森林公园,,上海·浦东新区,浦东新区,7,1621,4.8
汤连得（宝山店）,,上海,上海,49,38,5.0
厦门海上明珠观光塔,,厦门·思明区,思明区,45,398,4.4
厦门世界名人蜡像馆,,厦门·鼓浪屿,鼓浪屿,45,3763,4.6
鹭江海上夜游（和平码头）,,厦门·思明区,思明区,94,276,4.9
闽海湾游艇,,厦门·思明区,思明区,2580,1,5.0
厦门帆船出海看金门,,厦门,厦门,98,6,5.0
集美大桥,,厦门·集美区,集美区,99,5,5.0
尚艇会帆船游艇航海体验,,厦门·思明区,思明区,99,1,5.0
厦门华毅游艇帆船俱乐部,,厦门·湖里区,湖里区,84,110,4.8
鹭江之夜（厦门旅游客运码头）,,厦门·思明区,思明区,76,411,4.7
环岛路海滩,,厦门·思明区,思明区,65,126,4.7
厦门科技馆,,厦门·思明区,思明区,140,20650,4.9
环岛路木栈道,,厦门,厦门,108,5,5.0
顶澳仔猫街,,厦门·思明区,思明区,108,45,5.0
音乐广场,,厦门·思明区,思明区,88,71,4.9
颠倒星空体验馆,,厦门·思明区,思明区,110,6,5.0
厦门帆汇帆船游艇俱乐部,,厦门·思明区,思明区,65,287,4.4
波赛东·海上会客厅,,厦门·思明区,思明区,198,28,5.0
集美学村,,厦门·集美区,集美区,8,1121,4.3
五缘湾百舸水上运动俱乐部,,厦门,厦门,65,14,4.8
厦门海上看金门,,厦门·思明区,思明区,69,3102,4.7
潮汐之眼摩天轮,,厦门·湖里区,湖里区,161.88,952,5.0
耶稣君王堂,,厦门·思明区,思明区,158,63,5.0
五通灯塔公园,,厦门·湖里区,湖里区,138,26,5.0
风琴博物馆,,厦门·鼓浪屿,鼓浪屿,15,1910,4.5
广州华夏世嘉都市乐园,,广州·增城,增城,149,26,5.0
从化影古线徒步,,广州·从化市,从化市,749,5,5.0
珠江夜游天字码头,,广州·珠江夜游,珠江夜游,98,10750,4.8
五羊石雕,,广州·越秀公园,越秀公园,88,24,4.8
广州森林海嬉水乐园,,广州,广州,135,1529,5.0
海心沙公园,,广州·天河区,天河区,7,349,4.5
广州帽峰山生态园,,广州·白云区,白云区,68,1,5.0
广州不可思议运动街区,,广州·越秀区,越秀区,69.9,8,5.0
海鸥岛十里农场,,广州·番禺区,番禺区,1599,1,5.0
安华汇欢乐舟主题乐园,,广州,广州,98,149,4.9
帽林露营地,,广州·白云区,白云区,80,1,5.0
亨来斯登温泉,,广州·从化市,从化市,79,12,5.0
珠江夜游广州塔财富码头,,广州·海珠区,海珠区,98,845,5.0
广州都市双层观光巴士,,广州·天河区,天河区,99,74,5.0
香蜜山,,广州·从化市,从化市,25,31,4.6
越秀公园古城墙,,广州·越秀公园,越秀公园,88,25,5.0
珠江夜游西堤码头,,广州·珠江夜游,珠江夜游,98,571,4.9
高滩温泉,,广州·增城,增城,81.4,258,4.8
广州民俗博物馆,,广州·花都区,花都区,7,54,4.5
珠江夜游广州塔-中大码头,,广州·珠江夜游,珠江夜游,98,8468,4.8
meland club 广州乐峰馆,,广州·海珠区,海珠区,100,36,5.0
正佳企鹅冰雪世界,,广州·天河区,天河区,699,200,5.0
珠江夜游大沙头码头,,广州·越秀区,越秀区,95,7461,4.7
广州云岭湖酒店心湖会所,,广州·从化市,从化市,108,29,5.0
东山湖公园,,广州·越秀区,越秀区,108,3,5.0
厦门帷幕开啦红地毯蜡像艺术馆,,厦门·鼓浪屿,鼓浪屿,78,3352,4.8
莲花罗汉山,,厦门·同安区,同安区,10,35,4.2
环岛路海通联帆船出海（看金门）,,厦门·湖里区,湖里区,60,2255,5.0
五缘湾,,厦门·湖里区,湖里区,38,374,5.0
突击联盟厦门射击俱乐部,,厦门·湖里区,湖里区,66,22,5.0
鼓浪屿钢琴博物馆,,厦门·菽庄花园,菽庄花园,95,76,4.7
日光岩,,厦门·鼓浪屿,鼓浪屿,50,13691,4.8
厦门奥林匹克博物馆,,厦门·思明区,思明区,40,55,4.5
厦门锦仔山生态乐园,,厦门,厦门,20,2,5.0
厦门银丰温泉度假村,,厦门·同安区,同安区,55,40,4.9
鑫艋帆船出海,,厦门·湖里区,湖里区,38,166,4.5
厦门双子塔,,厦门·思明区,思明区,69.9,328,5.0
黄金海岸环岛路,,厦门·思明区,思明区,99,24,5.0
凌云玉石博物馆,,厦门,厦门,29,6,5.0
闽海湾帆船出海体验,,厦门·思明区,思明区,60,111,5.0
鼓浪屿龙头路,,厦门,厦门,70,307,5.0
鼓浪屿中国唱片博物馆（黄荣远堂）,,厦门·鼓浪屿,鼓浪屿,68,134,4.5
陈嘉庚纪念胜地景区,,厦门·集美学村,集美学村,8,319,4.8
厦门乘风帆船出海,,厦门·思明区,思明区,69,10,5.0
厦门灵玲动物王国,,厦门,厦门,85,501,5.0
美季魔法温泉,,厦门·集美区,集美区,99,151,4.9
颠倒博物馆,,厦门·鼓浪屿,鼓浪屿,59,1888,4.9
厦鼓轮渡,,厦门,厦门,55,36,5.0
东渡邮轮码头,,厦门·湖里区,湖里区,47,106,5.0
鹭江夜游（和平码头）,,厦门·思明区,思明区,69,8154,4.8
五缘湾帆船港,,厦门·湖里区,湖里区,78,3760,4.9
鲸探海洋科普研学基地,,厦门·集美区,集美区,48,2,5.0
厦门方特梦幻王国,,厦门·厦门方特旅游区,厦门方特旅游区,299,22715,5.0
广州塔摩天轮,,广州·广州塔,广州塔,298,4122,4.7
拾野部落星空露营,,广州,广州,899,1,5.0
从化仙沐园氡温泉,,广州·从化市,从化市,1050,259,4.4
长隆儿童驾校,,广州·广州长隆欢乐世界,广州长隆欢乐世界,708,102,5.0
从化温泉银城酒店,,广州·从化市,从化市,749,5,5.0
三元宫,,广州·越秀区,越秀区,7,1,3.0
太古仓,,广州·海珠区,海珠区,5888,7,4.7
从化万丰温泉酒店,,广州·从化市,从化市,799,12,4.7
从化人文主题蜡像馆,,广州·从化市,从化市,749,30,4.2
增城何仙姑景区,,广州·增城,增城,999,48,3.8
广州胡哥旅游增城高空跳伞基地,,广州·增城,增城,1000,3,4.3
从化大金峰百花果景区,,广州·从化市,从化市,749,2,4.0
西关荔枝湾景区,4A,广州,广州,55,,
红山村小火车,,广州·花都区,花都区,25,,
海幢寺,,广州·海珠区,海珠区,7,,
怀圣寺,,广州·越秀区,越秀区,7,,
磨碟沙公园,,广州·海珠区,海珠区,7,,
三百洞生态度假区,,广州·从化市,从化市,7,,
从化西和莲花世界,,广州·从化市,从化市,749,,
新航线越野俱乐部,,广州·从化市,从化市,30,,
雁鹰湖森林公园,,广州,广州,37.9,,
南莲湾,,广州·白云区,白云区,38,,
毅华河景温泉,,广州·从化市,从化市,58,,
大角山炮台,,广州·南沙区,南沙区,88,,
广州增城直升机空中游览,,广州·增城,增城,1000,,
春阳台,,广州·花都区,花都区,108,,
海鸥岛,,广州·番禺区,番禺区,118,,
厦门大桥,,厦门·集美区,集美区,0,27,4.5
厦门香山国际游艇会码头,,厦门·思明区,思明区,0,4,5.0
五缘海水浴场,,厦门·湖里区,湖里区,0,26,4.6
梦幻水世界,,厦门·巨鹏飞梦幻海岸,巨鹏飞梦幻海岸,0,7017,4.7
日出沙滩帐篷,,厦门·思明区,思明区,0,1,5.0
观音山沙滩露营基地,,厦门,厦门,0,1,5.0
有期航海出海体验,,厦门·湖里区,湖里区,0,2,4.5
厦门正阳直升机旅游服务中心,,厦门·下线--厦金湾直升机观光体验,下线--厦金湾直升机观光体验,0,21,5.0
厦门方特水上乐园,,厦门·厦门方特旅游区,厦门方特旅游区,0,5032,5.0
厦门云帆飞扬帆船,,厦门·思明区,思明区,0,5,4.2
厦门豪华鹭岛游,,厦门·湖里区,湖里区,0,17,4.9
加海游艇,,厦门·五缘湾帆船港,五缘湾帆船港,0,1,5.0
鹭岛行俱乐部出海体验,,厦门·思明区,思明区,0,4,5.0
郑成功纪念馆,,厦门·思明区,思明区,0,3,4.3
厦门希仕会游艇出海,,厦门·五缘湾帆船港,五缘湾帆船港,0,45,4.9
东部通航深圳跳伞基地,,深圳·盐田区,盐田区,99,3,5.0
奈尔宝家庭中心(深圳宝安店),,深圳·宝安区,宝安区,99,2,5.0
东部通航直升机飞行体验基地（盐田店）,,深圳·盐田区,盐田区,698,1,5.0
meland club（深业上城店）,,深圳·福田区,福田区,100,2,5.0
深圳独角兽星空艺术馆,,深圳·罗湖区,罗湖区,37.6,15,4.7
老虎沟生态农场,,深圳·龙岗区,龙岗区,138,8,5.0
花海间休闲吧露营地,,深圳,深圳,138,1,5.0
新体育海洋运动中心,,深圳,深圳,770,1,5.0
中信金沙湾,,深圳·龙岗区,龙岗区,98,424,4.7
海上世界,,深圳·南山区,南山区,98,385,4.3
西冲,,深圳·龙岗区,龙岗区,158,2387,4.6
中丝园,,深圳·龙岗区,龙岗区,9.9,81,4.2
深圳平安金融中心,,深圳·福田区,福田区,179,6685,4.9
大湾区一号（港珠澳大桥航线）,,深圳·南山区,南山区,216,424,5.0
悦野露营地,,深圳·龙岗区,龙岗区,188,1,5.0
深圳市天然园山风景区,,深圳·龙岗区,龙岗区,8,10,3.4
深圳大鹏较场尾,,深圳,深圳,8,6,4.3
笔架山公园,,深圳·福田区,福田区,9,127,4.3
大鹏半岛国家地质公园,,深圳·龙岗区,龙岗区,198,8,5.0
内伶仃岛,,深圳·南山区,南山区,216,10,5.0
湾区海上游,,深圳,深圳,218,27,5.0
西冲情人岛,,深圳,深圳,125,899,4.4
深圳东部冰雪创新城,,深圳·盐田区,盐田区,258,1,5.0
深圳大梅沙湾游艇会,,深圳·盐田区,盐田区,1890,93,4.4
较场尾,,深圳·龙岗区,龙岗区,200,627,4.4
哈特曼航空科普基地,,深圳·南山区,南山区,349,9,5.0
大鹏所城,,深圳·龙岗区,龙岗区,399,345,4.5
深圳凤凰山,,深圳·宝安区,宝安区,88,10,3.7
湾区超级灯会,,深圳·南山区,南山区,459,133,5.0
上海太阳岛度假酒店森林温泉,,上海·青浦区,青浦区,118,8,5.0
大梦微城,,上海·黄浦区,黄浦区,95,95,4.9
南京西路,,上海·静安区,静安区,50,6,4.7
田子坊,,上海·卢湾区,卢湾区,54,263,4.5
上海中心大厦,,上海·浦东新区,浦东新区,165,4725,5.0
EPSON teamLab 无界美术馆 teamLab Borderless Shanghai,,上海·黄浦区,黄浦区,189,1741,5.0
SHEERCOOL城市滑雪空间（虹桥店）,,上海·闵行区,闵行区,128,1,5.0
SHEERCOOL城市滑雪空间（嘉定店）,,上海·嘉定区,嘉定区,128,1,5.0
上海东方地质科普馆,,上海·浦东新区,浦东新区,59,228,4.5
钟书阁,,上海·闵行区,闵行区,138,17,5.0
瀛东生态村,,上海·崇明岛,崇明岛,38,72,4.1
上海JOYPOLIS乐园,,上海·普陀区,普陀区,175,1517,4.9
“快乐船长”黄浦江游船,,上海·黄浦区,黄浦区,260,141,5.0
小猪佩奇的玩趣世界,,上海,上海,210,274,5.0
迪艇皮划艇之家,,上海·浦东新区,浦东新区,149,1,5.0
大悦城屋顶摩天轮,,上海·闸北区,闸北区,214,1104,4.8
上海手工艺展示馆,,上海·朱家角古镇,朱家角古镇,75,33,4.3
外滩观光隧道,,上海·黄浦区,黄浦区,45,11625,4.5
上海长风海洋世界,,上海·普陀区,普陀区,190,12185,4.8
南京路步行街,,上海·黄浦区,黄浦区,39.9,1272,4.4
中华艺术宫,,上海·上海世博园,上海世博园,178,26,5.0
强生浦江游览,,上海·黄浦区,黄浦区,105,1642,4.7
宝燕乐园（旗舰店）,,上海·闵行区,闵行区,258,269,5.0
光明瑞华果园,,上海·崇明岛,崇明岛,10,46,4.3
点亮奇梦：夜光幻影秀,,上海·上海迪士尼乐园,上海迪士尼乐园,1498,5,5.0
UCCA Edge,,上海·静安区,静安区,200,7,5.0
水域探秘,,上海·浦东新区,浦东新区,200,10,5.0
上海乐高探索中心,,上海·普陀区,普陀区,199,2663,4.9
上海马戏城,,上海·闸北区,闸北区,256,2069,4.8
水裹·汤泉生活,,上海·闵行区,闵行区,279,33,5.0
黄浦江游览（十六铺码头）,,上海·黄浦区,黄浦区,105,19994,4.8
超体空间SoReal VR（迪士尼小镇店）,,上海·浦东新区,浦东新区,538,20,5.0
上海汽车博物馆,,上海·嘉定区,嘉定区,55,7224,4.9
上海星空艺术馆（遇光星球）,,上海·黄浦区,黄浦区,29.9,20,5.0
城隍庙旅游区,,上海·黄浦区,黄浦区,39,2752,5.0
朱学范故居,,上海,上海,38,1,5.0
金圃宅第,,上海,上海,38,1,5.0
长兴岛,,上海·崇明县,崇明县,60,32,5.0
上海木文化博物馆,,上海·宝山区,宝山区,40,20,5.0
海豚嘟嘟秀,,上海·浦东新区,浦东新区,80,61,5.0
四季冰雪乐园,,上海,上海,126,77,5.0
上海世博会博物馆,,上海·卢湾区,卢湾区,30,392,4.8
上海天文馆,,上海·浦东新区,浦东新区,298,946,5.0
东方明珠码头·黄浦江游船,,上海·东方明珠,东方明珠,80,10690,4.9
加勒比海盗——沉落宝藏之战,,上海·上海迪士尼乐园,上海迪士尼乐园,68,566,5.0
大清邮局,,上海·朱家角古镇,朱家角古镇,75,155,3.9
逸景冲浪水上嘉年华,,上海·浦东新区,浦东新区,50,2,5.0
顾村公园东方鸟世界,,上海·宝山区,宝山区,49.9,5,5.0
上海电影博物馆,,上海·徐汇区,徐汇区,54,2786,4.8
海兽探秘馆,,上海·上海海昌海洋公园,上海海昌海洋公园,54,6,5.0
浦东美术馆,,上海·浦东新区,浦东新区,100,1395,5.0
上海苏宁艺术馆,,上海·普陀区,普陀区,58,18,5.0
海湾3D错觉艺术馆,,上海·奉贤区,奉贤区,59,6,5.0
志愿军文献馆,,上海·浦东新区,浦东新区,59,1,5.0
上海站-莫奈与他的朋友们沉浸式光影大展,,上海·黄浦区,黄浦区,60,142,5.0
赛梦·微缩世界（陆家嘴正大店）,,上海,上海,87,76,4.9
瀛东村东湖景区,,上海·崇明岛,崇明岛,38,13,4.9
火山漂流,,上海·上海海昌海洋公园,上海海昌海洋公园,1329,21,4.7
上海观复博物馆,,上海·浦东新区,浦东新区,88,634,5.0
顾村公园自然谷恐龙乐园,,上海·顾村公园,顾村公园,49.9,89,5.0
上海周浦花海,,上海·浦东新区,浦东新区,19.9,2564,4.9
天马山,,上海·佘山国家旅游度假区,佘山国家旅游度假区,10,372,5.0
上海大转盘,,上海·锦江乐园,锦江乐园,1333,84,4.9
大千生态庄园,,上海·青浦区,青浦区,39,176,4.8
多乐岛运动娱乐城（蹦床公园）浦东永乐广场店,,上海·浦东新区,浦东新区,117,30,4.9
崇明岛,,上海·崇明县,崇明县,7,47,4.9
磁浮列车,,上海·浦东新区,浦东新区,50,4083,4.8
汤连得（金沙江店）,,上海·普陀区,普陀区,49,265,4.8
小灶村体验农场,,上海·嘉定区,嘉定区,58,215,5.0
极乐汤嘉定温泉馆,,上海·嘉定区,嘉定区,68,36,5.0
迪士尼食品,,上海·浦东新区,浦东新区,2107,37,5.0
静安寺,,上海·静安区,静安区,3.6,670,5.0
颠倒艺术馆(上海旗舰店),,上海,上海,75,2,5.0
外滩观光隧道AR体验馆,,上海·黄浦区,黄浦区,85,288,4.6
陆家嘴,,上海·浦东新区,浦东新区,88,1934,4.8
广富林文化展示馆,,上海·广富林文化遗址,广富林文化遗址,29.9,151,5.0
秋霞圃,,上海·嘉定区,嘉定区,7,9,5.0
广富林考古遗址展示馆,,上海·广富林文化遗址,广富林文化遗址,30,51,5.0
中国3D打印文化博物馆,,上海·宝山区,宝山区,45,50,5.0
昊美术馆,,上海·浦东新区,浦东新区,30,484,5.0
中国农民画村,,上海·金山区,金山区,25,393,4.7
都市观光旅游巴士,,上海·黄浦区,黄浦区,57,1228,4.9
上海游龙石文化科普馆,,上海·浦东新区,浦东新区,40,186,4.7
汤连得·多喜温泉（闵行店）,,上海·闵行区,闵行区,49,26,5.0
安徒生童话乐园,,上海·杨浦区,杨浦区,30,1680,4.9
横沙岛,,上海·宝山区,宝山区,99,54,4.9
前小桔创意农场,,上海·崇明县,崇明县,9.9,22,5.0
BUS TOUR 上海观光游,,上海·黄浦区,黄浦区,50,269,5.0
翱翔•飞越地平线,,上海·上海迪士尼乐园,上海迪士尼乐园,68,698,4.9
太阳岛国际旅游度假区,,上海·青浦区,青浦区,88,369,5.0
上海万达汽车乐园,,上海·青浦区,青浦区,98,543,5.0
西岸美术馆,,上海·徐汇区,徐汇区,100,65,4.9
惠和石文化园,,厦门·湖里区,湖里区,25,218,4.5
五缘大桥,,厦门·湖里区,湖里区,138,3,5.0
金厦环鼓游,,厦门·湖里区,湖里区,117,148,4.8
海天堂构,,厦门·鼓浪屿,鼓浪屿,75,838,4.7
海湾公园,,厦门·思明区,思明区,69.9,197,4.5
厦门大学芙蓉湖,,厦门·厦门大学,厦门大学,98,253,4.6
百年鼓浪屿博物馆,,厦门·鼓浪屿,鼓浪屿,88,160,4.4
小嶝岛,,厦门·翔安区,翔安区,89,186,4.7
钢琴码头,,厦门·鼓浪屿,鼓浪屿,158,1,5.0
雨林世界,,厦门·厦门园林植物园,厦门园林植物园,158,3,5.0
沙生植物区,,厦门·思明区,思明区,158,4,5.0
厦金湾赶海场,,厦门,厦门,160,6,5.0
筼筜雅游,,厦门·思明区,思明区,132,127,4.5
德安古堡,,厦门·同安区,同安区,28,60,4.1
龙舟池,,厦门·集美区,集美区,121,16,4.8
演武大桥,,厦门·思明区,思明区,196,26,5.0
中山路步行街,,厦门·思明区,思明区,59,1563,4.4
英国领事公馆旧址,,厦门·思明区,思明区,700,30,5.0
厦门方特东方神画,,厦门·厦门方特旅游区,厦门方特旅游区,299,4829,5.0
D36运动嘉年华,,厦门·集美区,集美区,218,173,5.0
厦门方特旅游区,,厦门·同安区,同安区,299,778,5.0
海豚湾帆船游艇,,厦门·思明区,思明区,228,47,4.9
美国领事馆旧址,,厦门·鼓浪屿,鼓浪屿,266,19,5.0
厦门大学鼓浪屿环岛路,,厦门·思明区,思明区,98,6,4.3
厦门小嶝休闲渔村,,厦门·翔安区,翔安区,168,21,4.3
海沧大桥,,厦门·海沧区,海沧区,780,148,3.9
厦门接送服务,,厦门·湖里区,湖里区,428,15,4.8
第八海鲜市场,,厦门·思明区,思明区,1399,1,5.0
厦门观音山梦幻海岸,,厦门·思明区,思明区,488,15,4.7
中山公园,,厦门·思明区,思明区,468,4,3.8
锦绣香江温泉城（原香江健康山谷）,,广州·增城,增城,130,2137,4.8
珠江夜游省总码头,,广州·珠江夜游,珠江夜游,98,535,4.8
宝趣玫瑰世界,,广州·从化市,从化市,45,630,4.4
珠江夜游中大码头,,广州·珠江夜游,珠江夜游,98,442,4.7
天河公园,,广州·黄埔区,黄埔区,8,449,4.3
从化荔枝红温泉庄园,,广州·从化市,从化市,799,17,4.7
花城广场,,广州·天河区,天河区,88,609,4.4
荔枝湾游船—西关风情,,广州·荔湾区,荔湾区,55,181,4.4
咏声动画科技馆,,广州,广州,158,2,5.0
流花湖公园,,广州·越秀区,越秀区,7,470,4.4
增城山狼丛林越野俱乐部,,广州·增城,增城,168,2,5.0
广州SportsMonster运动萌兽馆,,广州·天河区,天河区,178,18,5.0
浪险越野山地车俱乐部,,广州·增城,增城,180,2,5.0
浪险越野俱乐部,,广州·增城,增城,188,6,5.0
广州山点水越野俱乐部,,广州·白云区,白云区,198,13,4.7
广州雕塑公园,,广州·越秀区,越秀区,9,151,4.3
探洞工场（海珠店）,,广州·海珠区,海珠区,228,16,5.0
石室圣心大教堂,,广州·荔湾区,荔湾区,10,42,4.3
楚兴丛林越野俱乐部,,广州·增城,增城,198,4,5.0
汇丰银行旧址,,广州·荔湾区,荔湾区,1699,2,5.0
山竹丛林越野俱乐部（广州店）,,广州·增城,增城,198,7,5.0
正佳科学馆,,广州·天河区,天河区,178,48,4.8
广州塔阿尔法探索乐园,,广州·广州塔,广州塔,268,79,5.0
荔湾湖公园,,广州·荔湾区,荔湾区,55,31,4.0
北京路千年古道遗址,,广州·越秀区,越秀区,258,1,5.0
东方夏湾拿酒店温泉,,广州·从化市,从化市,50,23,4.2
TaxiWay飞行中心(广州塔店),,广州·海珠区,海珠区,4900,8,5.0
星溪野宿露营地,,广州·从化市,从化市,288,2,5.0
从化流溪河绿道游船,,广州·从化市,从化市,699,69,4.7
港仔后海滨浴场,,厦门,厦门,70,381,5.0
厦门海底世界,,厦门·鼓浪屿,鼓浪屿,107,12559,4.9
帆汇帆船出海体验,,厦门,厦门,55,2,5.0
厦门香山国际游艇码头,,厦门·思明区,思明区,58,53,5.0
鼓浪屿当代艺术中心KCCA,,厦门·思明区,思明区,799,5,5.0
香山帆船出海体验,,厦门·思明区,思明区,59,409,4.9
沙坡尾,,厦门·思明区,思明区,88,77,5.0
香山航舵游艇帆船俱乐部,,厦门,厦门,60,2,5.0
鹭江小夜曲,,厦门·思明区,思明区,60,2,5.0
环岛路爱纳格帆船出海体验,,厦门·思明区,思明区,60,9,5.0
协和礼拜堂,,厦门·思明区,思明区,70,182,5.0
厦门大学,,厦门·思明区,思明区,118,5089,4.9
故宫鼓浪屿外国文物馆,,厦门·鼓浪屿,鼓浪屿,50,63,4.8
番婆楼,,厦门·鼓浪屿,鼓浪屿,88,18,4.9
厦门帆迎帆船出海体验,,厦门·五缘湾帆船港,五缘湾帆船港,68,3,5.0
海上环游鼓浪屿,,厦门·湖里区,湖里区,88.9,23,5.0
南普陀寺,,厦门·思明区,思明区,30,3272,4.6
厦门之星氦气球乐园,,厦门·思明区,思明区,150,75,5.0
五缘湾望潮帆船,,厦门·湖里区,湖里区,75,5,5.0
五缘湾游艇体验中心,,厦门·湖里区,湖里区,75,4,5.0
毓园,,厦门·鼓浪屿,鼓浪屿,70,286,4.9
菽庄花园,,厦门·鼓浪屿,鼓浪屿,30,9873,4.6
香山游艇会帆船俱乐部,,厦门·思明区,思明区,86,31,5.0
飞览天下·飞越厦门馆,,厦门·思明区,思明区,88,4,5.0
厦门博物馆,,厦门·思明区,思明区,1066,20,4.9
乐海堂健康会所,,厦门·集美区,集美区,88,2,5.0
闽南小院,,厦门·思明区,思明区,88,1,5.0
演武大桥观景平台,,厦门·思明区,思明区,88,67,5.0
五缘湾沙滩九舟皮划艇,,厦门·五缘湾帆船港,五缘湾帆船港,65,17,4.9
曾厝垵,,厦门·思明区,思明区,22.6,1442,4.3
贝壳梦幻世界,,厦门·鼓浪屿,鼓浪屿,34,2669,4.6
SNOW51 SoloX,,广州·黄埔区,黄埔区,128,,
麦田丛林越野俱乐部,,广州·花都区,花都区,138,,
从化富力泉天下别墅温泉,,广州·从化市,从化市,769,,
碧水湾新温泉度假别墅,,广州·从化市,从化市,769,,
龙眼洞森林公园,,广州·天河区,天河区,199,,
石门风景区,,广州·石门国家森林公园,石门国家森林公园,288,,
竹溪涧露营地,,广州·从化市,从化市,288,,
南沙十九涌,,广州,广州,298,,
生态设计小镇,,广州,广州,328,,
从化137农场,,广州·从化市,从化市,1050,,
从化森林野战俱乐部,,广州·流溪河国家森林公园,流溪河国家森林公园,699,,
广州翔云跳伞俱乐部(增城基地),,广州,广州,2580,,
从化黄茶园,,广州·从化市,从化市,749,,
侏罗纪世界电影特展(广州站),,广州·荔湾区,荔湾区,0,446,5.0
南湖游乐园,,广州·白云区,白云区,0,434,4.6
欢乐时光科普动物园,,广州·芙蓉度假村,芙蓉度假村,0,4,5.0
格林东庄（番禺店）,,广州·番禺区,番禺区,0,259,5.0
广州融创水世界,4A,广州·广州融创文旅城,广州融创文旅城,0,6358,5.0
迪士普音响博物馆,3A,广州·白云区,白云区,0,1,5.0
雪多多冰雪乐园（黄村奥体店）,,广州·天河区,天河区,0,12,5.0
海珠湖公园,,广州·海珠区,海珠区,0,103,5.0
长洲岛都市农业公园,,广州,广州,0,16,5.0
星斗云儿童体育乐园,,广州·增城,增城,0,42,5.0
广州时尚天河北极小镇冰雪乐园,,广州·天河区,天河区,0,196,5.0
广州海洋馆,,广州·越秀区,越秀区,0,1616,4.7
珠江红船,,广州,广州,0,22,4.8
永乐绿色生态农庄,3A,广州·南沙区,南沙区,0,51,4.3
珠江夜游大元帅府码头,,广州·海珠区,海珠区,0,66,4.9
芙蓉度假村,4A,广州·花都区,花都区,0,3,3.7
直升机空中游览飞行体验,,深圳·宝安区,宝安区,4980,1,5.0
海贝湾潜水基地,,深圳,深圳,368,2,4.0
大鹏湾游艇,,深圳,深圳,1160,2,3.0
名马轩度假庄园,,深圳·龙岗区,龙岗区,88,1,1.0
喜玛拉雅美术馆,,上海·浦东新区,浦东新区,60,89,4.4
大鸭软陶屋,,上海·静安区,静安区,108,53,4.5
申隆生态园,,上海·奉贤区,奉贤区,7,42,4.1
朱家角课植园,,上海·朱家角古镇,朱家角古镇,75,278,3.9
上海恋爱博物馆,,上海·寒山寺,寒山寺,68,5,5.0
奇幻颠倒馆(莘庄维璟印象城店),,上海,上海,68,5,5.0
上海大自然野生昆虫馆,,上海·浦东新区,浦东新区,88,3058,4.8
元祖梦世界,,上海·青浦区,青浦区,158,75,4.9
正新（厦门）汽车国际文化中心,,厦门·集美区,集美区,28,,
猫咪博物馆,,厦门·思明区,思明区,29,,
厦门市莲福美术馆,,厦门·湖里区,湖里区,60,,
厦门海通联帆船出海体验,,厦门·思明区,思明区,60,,
厦门奇幻解压馆,,厦门·思明区,思明区,70,,
建发游艇俱乐部,,厦门,厦门,78,,
溪头旅游村,,广州·从化市,从化市,288,80,4.8
增城荔枝文化村,,广州·增城,增城,1000,6,5.0
广州增城丛林越野基地,,广州·增城,增城,999,5,5.0
帽峰山森林公园,,广州·白云区,白云区,80,7,4.1
云台花园,,广州·白云区,白云区,258,295,4.3
南沙游艇会,,广州·南沙区,南沙区,188,46,4.4
皓月园,,厦门·鼓浪屿,鼓浪屿,10,6569,4.6
珠江—英博国际啤酒博物馆,,广州·海珠区,海珠区,0,194,4.5
广州市笑翻天乐园,,广州·黄埔区,黄埔区,0,68,4.6
从化温泉毅华假日酒店,,广州·从化市,从化市,0,115,4.9
广州名人蜡像馆,,广州·海珠区,海珠区,0,1274,4.8
西安梦幻星空艺术失恋博物馆,,西安·碑林区,碑林区,0,4,5.0
山海长安骏途元宇宙灯会,,西安·雁塔区,雁塔区,0,2,5.0
西安失恋博物馆（旗舰店）,,西安·碑林区,碑林区,0,5,5.0
海昌海洋探索馆,,西安·未央区,未央区,0,11,5.0
未央湖温泉,,西安·未央湖游乐园,未央湖游乐园,0,9,4.9
半唐空间,,西安,西安,0,2,5.0
白鹿仓航空飞行营地,,西安·灞桥区,灞桥区,0,1,5.0
蓝田流峪飞峡,,西安·蓝田县,蓝田县,0,68,4.6
SAFARI秘境方舟·沉浸式动物展,,西安·雁塔区,雁塔区,0,4,5.0
延生观,,西安·终南山古楼观,终南山古楼观,0,49,4.8
多元宝贝世界曲江彩虹谷店,,西安·雁塔区,雁塔区,0,340,5.0
Xports轻极限运动港,,西安·莲湖区,莲湖区,0,9,5.0
盛清汤泉,,西安,西安,0,5,5.0
悦·蚂蜂窝亲子拓展乐园,,西安·莲湖区,莲湖区,0,3,5.0
明秦王府城墙遗址,,西安·新城区,新城区,0,2,5.0
白鹿原滑雪场,,西安·灞桥区,灞桥区,0,1305,4.9
西安二郎山风景区,,西安·长安区,长安区,0,14,4.7
化女泉,,西安·终南山古楼观,终南山古楼观,0,43,4.3
西安欢乐谷·玛雅海滩,,西安·长安区,长安区,0,2090,5.0
华夏文旅水世界,,西安·华夏文旅西安度假区,华夏文旅西安度假区,0,1859,5.0
秦岭风景区,,西安·长安区,长安区,0,2,5.0
初恋颜色博物馆,,西安·碑林区,碑林区,0,4,5.0
秦岭鹰嘴峰滑翔伞基地,,西安·周至县,周至县,0,1,5.0
白鹿原影视城滑雪场,,西安·白鹿原影视城,白鹿原影视城,0,65,4.9
轻风水魔方,,西安·新城区,新城区,0,64,4.8
3D错觉体验馆,,西安·雁塔区,雁塔区,0,520,4.9
西安竹林畔滑雪场,,西安·蓝田县,蓝田县,0,487,4.9
高冠瀑布,,西安·户县,户县,0,66,4.4
广新园民族村,,西安·长安区,长安区,0,5,4.4
迈道新动力卡丁车,,西安·莲湖区,莲湖区,0,6,5.0
西安城隍庙,,西安·莲湖区,莲湖区,0,1,5.0
阎良航空科技馆,3A,西安·阎良飞机城,阎良飞机城,0,5,4.2
仕女馆,,西安,西安,0,84,5.0
常宁宫,,西安·长安区,长安区,0,25,4.4
卧龙寺,,西安·碑林区,碑林区,0,40,4.7
9D太空舱,,西安·雁塔区,雁塔区,0,23,5.0
辋川溶洞,,西安·蓝田县,蓝田县,0,5,5.0
渭水汤苑温泉,,西安·未央区,未央区,0,238,4.8
西安曲江两栖爬行馆,,西安·雁塔区,雁塔区,0,29,4.6
秦二世陵遗址博物馆,,西安·曲江旅游度假区,曲江旅游度假区,0,22,4.7
秦皇冰雪大世界,,西安·临潼区,临潼区,0,14,4.1
青华山,,西安·长安区,长安区,0,2,5.0
真爱骊山大秦小宴,,西安·临潼区,临潼区,0,14,4.8
大雁塔地下宫,,西安·雁塔区,雁塔区,0,160,4.8
陕西冰雪大世界,,西安·碑林区,碑林区,0,172,4.9
陕西温泉一卡通,,西安,西安,0,8,5.0
水陆庵,,西安·蓝田县,蓝田县,0,72,4.4
太奥广场儿童游乐园,,西安·莲湖区,莲湖区,0,6,5.0
兴庆公园星空之旅太空体验馆,,西安·碑林区,碑林区,0,13,4.4
大眼国儿童美术博物馆,,西安·莲湖区,莲湖区,0,24,4.9
西安浐灞桃花潭公园,,西安·灞桥区,灞桥区,0,1,5.0
纳米租车西安,,西安,西安,0,1,5.0
挑战者VR体验馆,,西安·雁塔区,雁塔区,0,2,5.0
国家地理经典影像盛宴-西安,,西安·雁塔区,雁塔区,0,1,5.0
西安城市运动公园,,西安·未央区,未央区,0,2,5.0
将军山游乐场,,西安·户县,户县,0,2,5.0
西安市全景敞篷观光车,,西安·碑林区,碑林区,0,1,5.0
西安星空错觉艺术馆,,西安·雁塔区,雁塔区,0,15,5.0
书院门,,西安·碑林区,碑林区,0,1,5.0
西安事变旧址五间厅,,西安·临潼区,临潼区,0,13,5.0
战争史诗剧《复活的军团》,,西安·临潼区,临潼区,268,2423,5.0
西安天禾水汇,,西安·雁塔区,雁塔区,189,6,5.0
长安幻唐沉浸式实景体验空间,,西安·雁塔区,雁塔区,198,54,5.0
大唐芙蓉园《大唐追梦》,,西安·大唐芙蓉园,大唐芙蓉园,260,179,4.9
骊山国家森林公园,,西安·华清宫,华清宫,60,1177,4.5
秦陵地宫展览馆,,西安·临潼区,临潼区,45,1287,4.3
9号宇宙,,西安,西安,238,163,5.0
乐华城·国际欢乐度假区,,西安,西安,226,278,5.0
炫地沙滩车越野俱乐部(灞桥店),,西安·灞桥区,灞桥区,228,1,5.0
中贝元儿童剧场,,西安·碑林区,碑林区,119.9,13,4.5
大雁塔北广场,,西安·曲江旅游度假区,曲江旅游度假区,103,241,4.3
大雁塔音乐喷泉,,西安·雁塔区,雁塔区,195,15,4.7
炫地沙滩车越野俱乐部(长安店),,西安·长安区,长安区,278,1,5.0
西安悦芽谷,,西安·长安区,长安区,29.9,8,4.0
大重阳万寿宫,,西安·户县,户县,338,76,4.2
连珠潭,2A,西安·长安区,长安区,23,,
韩国幻多奇光阴体验馆,,西安,西安,25,,
哈库那珍奇动物城,,西安·雁塔区,雁塔区,88,,
西安沐尚汤泉酒店,,西安·临潼区,临潼区,39,,
俯仰景和博物馆,,西安·灞桥区,灞桥区,39.9,,
常宁宫游泳馆,,西安·长安区,长安区,42,,
西安汤泉壹号,,西安,西安,69,,
安易赛运动娱乐竞技中心,,西安·长安区,长安区,98,,
秦岭涝峪口飞行基地,,西安·户县,户县,760,,
风之翼滑翔运动俱乐部,,西安,西安,780,,
楼观滑翔伞训练基地,,西安·周至县,周至县,760,,
古观音禅寺,,西安·长安区,长安区,218,,
长安公园,,西安,西安,278,,
烟火巷子,,西安,西安,288,,
K2丛林穿越俱乐部,,西安·周至县,周至县,298,,
张学良将军公馆,,西安·碑林区,碑林区,360,,
西安事变纪念馆,,西安·莲湖区,莲湖区,1500,2,
西安浐灞国家湿地公园,4A,西安·灞桥区,灞桥区,0,952,4.7
麦迪斯红光文化主题乐园,,西安·未央区,未央区,0,44,5.0
黑河国家森林公园,4A,西安,西安,0,22,4.5
麦迪斯汽车主题乐园,,西安·灞桥区,灞桥区,0,121,5.0
西安失恋博物馆,,西安·雁塔区,雁塔区,0,43,5.0
沣东农博园,4A,西安·长安区,长安区,0,877,4.9
黑河森林公园,4A,西安·临潼区,临潼区,0,202,4.2
含光门遗址博物馆,,西安·莲湖区,莲湖区,0,1709,5.0
大兴汤院遗址,,西安·蓝田县,蓝田县,0,2,5.0
青龙寺,,西安·雁塔区,雁塔区,0,99,4.9
华南城欢乐水世界,,西安·灞桥区,灞桥区,0,12,5.0
唐代壁画珍品馆,,西安·雁塔区,雁塔区,0,58,5.0
西安梦幻星空抖乐园,,西安·碑林区,碑林区,0,40,5.0
西安华清盛汤,,西安·碑林区,碑林区,0,40,5.0
西安水娱温泉洗浴中心,,西安·雁塔区,雁塔区,0,20,5.0
西安东大南山温泉,,西安·长安区,长安区,0,462,4.9
八路军驻西安办事处,3A,西安·新城区,新城区,0,1,5.0
夜游曲江,,西安·曲江旅游度假区,曲江旅游度假区,0,153,4.2
西安杜公祠,,西安·长安区,长安区,0,1,5.0
秦岭上王凤凰温泉,,西安·长安区,长安区,0,525,5.0
Double One蹦床主题公园（沣西吾悦店）,,西安,西安,0,1,5.0
河北省科技馆,,西安·长安区,长安区,0,1,5.0
马戏王国大剧院,,西安,西安,0,7,5.0
大明宫考古探索中心,,西安·未央区,未央区,0,2,5.0
浪漫海室内水上世界,,西安·莲湖区,莲湖区,0,2,5.0
高陵场畔农耕园,,西安·高陵区,高陵区,0,11,4.9
猛玛亲子乐园,,西安·周至县,周至县,0,1,5.0
王顺山,4A,西安·蓝田县,蓝田县,0,40,4.2
居庸关长城,4A,北京·昌平区,昌平区,32,4569,4.9
桃源仙谷,3A,北京·密云县,密云县,45,3393,4.7
北京海洋馆,4A,北京·西城区,西城区,158,25937,5.0
八达岭长城缆车,5A,北京·八达岭长城,八达岭长城,140,29334,5.0
玉渊潭公园,4A,北京·海淀区,海淀区,8.3,5303,4.8
北京世界公园,4A,北京·丰台区,丰台区,128,15830,4.9
南宫御温泉,4A,北京·南宫旅游景区,南宫旅游景区,69,59,4.9
北京国际鲜花港,4A,北京·顺义区,顺义区,70,4954,4.7
什刹海,4A,北京·西城区,西城区,117,6935,4.8
鹫峰森林公园,3A,北京·海淀区,海淀区,120,292,4.6
中央电视塔,4A,北京·海淀区,海淀区,83.1,8610,4.9
云居寺,4A,北京·房山区,房山区,0.9,1464,4.8
中国人民抗日战争纪念馆,4A,北京·丰台区,丰台区,1.6,331,4.6
孔庙和国子监博物馆,4A,北京·东城区,东城区,0.1,967,4.8
北京药王谷风景区,,北京·房山区,房山区,128,12,4.2
八奇洞,4A,北京·门头沟区,门头沟区,34.9,225,4.9
中山公园,4A,北京·东城区,东城区,10,1614,4.7
北京世界葡萄博览园,4A,北京·延庆县,延庆县,60,168,4.7
古崖居,3A,北京·延庆县,延庆县,54,1031,4.8
北京欢乐谷,4A,北京·朝阳区,朝阳区,299,113086,4.9
恭王府大戏楼,,北京·西城区,西城区,58,813,5.0
世界花卉大观园,4A,北京·丰台区,丰台区,57.9,8610,4.7
箭扣长城,,北京·怀柔区,怀柔区,7,117,5.0
通州运河游船,,北京·大运河森林公园,大运河森林公园,37.5,17,5.0
朝阳公园,4A,北京·朝阳区,朝阳区,30,816,4.4
龙潭湖公园,4A,北京·东城区,东城区,99,202,4.7
城市绿心森林公园,,北京·通州区,通州区,129,52,5.0
水关长城,4A,北京·延庆县,延庆县,35,1004,4.7
北普陀影视城,,北京·大兴区,大兴区,30,43,4.9
红螺寺滑道,,北京·红螺寺,红螺寺,46,790,4.7
云龙涧,,北京·密云县,密云县,35,123,4.8
北京明城墙遗址公园,4A,北京·东城区,东城区,0.5,329,4.3
童牛影视小镇,,北京·怀柔区,怀柔区,30,20,5.0
谷山村,4A,北京·妙峰山,妙峰山,39.9,21,4.9
密云云蒙山风景区,,北京·密云县,密云县,77,860,5.0
北京天文馆,4A,北京·海淀区,海淀区,99,8551,4.9
紫竹院公园,4A,北京·海淀区,海淀区,120,1632,4.8
北京石门山风景区,,北京·怀柔区,怀柔区,35,51,5.0
八达岭古长城（残长城）,3A,北京·延庆县,延庆县,54,931,4.8
北京沐晏汤泉,,北京·朝阳区,朝阳区,79.9,6,5.0
龙脉温泉,4A,北京·昌平区,昌平区,99,959,4.8
小汤山现代农业科技示范园,4A,北京·昌平区,昌平区,10,7,4.7
百里山水画廊—滴水壶,,北京·百里山水画廊,百里山水画廊,25,252,4.8
青龙湖公园,3A,北京·丰台区,丰台区,37.9,5526,5.0
九眼楼,,北京·延庆县,延庆县,40,99,5.0
玉渡山,,北京·延庆县,延庆县,60,5630,4.9
蟹岛绿色生态度假村,4A,北京·朝阳区,朝阳区,18,150,4.4
百望山森林公园,,北京·海淀区,海淀区,7,500,4.7
密云天门山,,北京·密云县,密云县,28,134,4.5
皇家御河游,,北京·玉渊潭公园,玉渊潭公园,120,145,4.9
爨底下村,,北京·门头沟区,门头沟区,7,115,4.9
北京大观园,3A,北京·西城区,西城区,0.4,4280,4.6
西山国家森林公园,,北京·海淀区,海淀区,16.6,1691,4.7
湖洞水,2A,北京·平谷区,平谷区,98,48,4.8
密云玫瑰情园,,北京·密云县,密云县,39.9,128,4.6
北度联盟金海湖碧波花园岛度假区,,北京·平谷区,平谷区,158,144,5.0
永定河自行车运动公园,,北京·大兴区,大兴区,99,735,4.9
美懋蹦床乐园,,北京·顺义区,顺义区,38,123,5.0
雍和宫,,北京·东城区,东城区,0.1,18089,5.0
石花洞月亮山景区,,北京·石花洞国家地质公园,石花洞国家地质公园,20,29,5.0
波蓝游艇出海俱乐部,,三亚·天涯区,天涯区,0,1,5.0
拾野萤光帐篷营地,,三亚·吉阳区,吉阳区,0,3,5.0
百乐国际潜水中心,,三亚,三亚,0,155,4.4
极玩地球天涯露营地,,三亚·天涯区,天涯区,0,1,5.0
美丽之冠乐动敦煌演出,,三亚,三亚,0,381,4.8
秀都·魔幻,,三亚·吉阳区,吉阳区,0,119,5.0
半山半岛帆船港游艇租赁出海（帆船港码头）,,三亚,三亚,0,18,4.6
鸿洲游艇码头建龙游艇会,,三亚,三亚,0,1,5.0
小鱼温泉,,三亚,三亚,0,661,4.7
浪夫冲浪俱乐部,,三亚·大东海,大东海,0,2,5.0
三亚旅游包车,,三亚,三亚,0,8,4.5
三亚启迪冰雪体育中心,,三亚,三亚,0,18,4.9
亚龙湾红树林度假酒店第一线海鲜餐厅,,三亚·亚龙湾,亚龙湾,0,28,4.9
三亚鸿洲埃德瑞度假酒店,,三亚·大东海,大东海,0,7,3.7
崖州古城,,三亚,三亚,0,10,4.4
帆船港潜水度假村,,三亚,三亚,0,92,4.2
三亚文华东方酒店,,三亚,三亚,0,28,5.0
京润珍珠博物馆,,三亚,三亚,0,37,4.4
金茂三亚希尔顿大酒店自助餐,,三亚·亚龙湾,亚龙湾,0,7,5.0
太阳湾海洋运动,,三亚·亚龙湾,亚龙湾,0,91,4.7
三亚凤凰国际机场,,三亚,三亚,0,26,5.0
乐海游艇俱乐部（大东海）,,三亚·大东海,大东海,0,25,4.2
三亚半山半岛洲际度假酒店,,三亚·大东海,大东海,0,1,4.0
三亚3D错觉艺术馆,,三亚,三亚,0,749,4.9
亚龙湾动力滑翔伞飞行营地,,三亚·吉阳区,吉阳区,0,3,5.0
新慕洋游艇俱乐部,,三亚,三亚,0,17,3.9
六罗峡谷雨林运动旅游区,,三亚,三亚,0,11,5.0
三亚半山半岛度假酒店(全套房),,三亚,三亚,0,1,5.0
三亚亚龙湾铂尔曼度假酒店,,三亚,三亚,0,4,5.0
海思蓝潜水中心,,三亚,三亚,0,522,5.0
三亚畅海游户外潜水俱乐部,,三亚·大东海,大东海,0,2,5.0
乐海游艇俱乐部（海棠湾）,,三亚·海棠湾,海棠湾,0,3,5.0
西岛天鹤直升机基地,,三亚,三亚,0,1,5.0
海棠湾九号酒店BBQ,,三亚·海棠湾,海棠湾,0,1,5.0
兴隆华侨农场,,三亚,三亚,0,1,5.0
百越蚩尤民俗文化部落村,,三亚,三亚,0,2,5.0
“海洋日记”潜水嘉年华,,三亚·大东海,大东海,0,9,5.0
海之韵海上游,,三亚,三亚,0,1,5.0
三亚旅游景区直通车,,三亚,三亚,0,37,5.0
亚龙湾骑乐世界海上运动中心,,三亚·亚龙湾,亚龙湾,0,1,5.0
三亚湾海韵度假酒店渔人码头火锅自助餐,,三亚·三亚湾,三亚湾,0,1,5.0
海南省三亚市体育中心,,三亚,三亚,0,1,5.0
“有关不门”真人密室逃脱,,三亚,三亚,0,1,5.0
香原味海鲜加工店,,三亚,三亚,0,1,5.0
第11届亚运会南端点火台,,三亚,三亚,0,1,5.0
海南特产,,三亚,三亚,0,2,5.0
三亚世纪豪庭酒店,,三亚,三亚,0,1,5.0
三亚嘉宾国际酒店BBQ,,三亚·大东海,大东海,0,1,5.0
三亚康年酒店,,三亚,三亚,0,11,5.0
春园海鲜广场,,三亚,三亚,0,3,5.0
亚龙湾假日酒店池畔海鲜自助烧烤火锅（含服务费含啤酒）,,三亚·亚龙湾,亚龙湾,0,1,5.0
三亚湾君澜酒店美食,,三亚·三亚湾,三亚湾,0,1,5.0
三亚国际滑翔伞飞行营地,,三亚·崖州区,崖州区,0,1,5.0
三亚古今来蜡像馆,,三亚·大东海,大东海,0,2,5.0
革命烈士纪念园,,三亚,三亚,0,1,5.0
三亚亚龙湾铂尔曼别墅度假酒店,,三亚,三亚,0,4,5.0
西排潜水,,三亚·亚龙湾,亚龙湾,0,2,5.0
玉海国际度假酒店,,三亚·三亚湾,三亚湾,0,1,5.0
三亚奇幻艺术体验馆,,三亚·河东区,河东区,0,1917,4.6
三亚崖州古越文化旅游区,,三亚,三亚,0,227,4.7
詹天佑纪念馆,,北京·八达岭长城,八达岭长城,20,14,5.0
嗨空间蹦床公园 HIGH ZONE,,北京·丰台区,丰台区,90,17,5.0
北京自然博物馆,,北京·东城区,东城区,0.1,9476,5.0
御都隆泉,,北京·大兴区,大兴区,45.8,35,5.0
月坛公园,,北京·西城区,西城区,8,8,5.0
中华世纪坛,,北京·海淀区,海淀区,129,101,4.7
莲花池公园,,北京·丰台区,丰台区,7,31,5.0
白云观,,北京·西城区,西城区,1.3,120,5.0
天开寺,,北京·房山区,房山区,46.9,1746,5.0
八达岭野生动物园,,北京·延庆县,延庆县,85,17706,4.9
神堂峪,,北京·怀柔区,怀柔区,128,14,4.4
侬康欣汤泉（西八里庄店）,,北京·海淀区,海淀区,89,15,4.9
定陵,,北京·明十三陵,明十三陵,60,9440,4.8
小龙门森林公园,2A,北京·门头沟区,门头沟区,7,4,4.0
南宫温泉水世界,,北京·南宫旅游景区,南宫旅游景区,89,3880,4.9
康西草原,2A,北京·延庆县,延庆县,900,62,4.0
SportsMonster运动萌兽主题公园,,北京·丰台区,丰台区,198,34,5.0
熊猫馆,,北京·北京动物园,北京动物园,18.7,1475,5.0
亚瑟王国,,北京·顺义区,顺义区,108,269,5.0
中国科学技术馆,,北京·朝阳区,朝阳区,30,22169,5.0
大钟寺,,北京·海淀区,海淀区,4.2,31,5.0
中国地质博物馆,,北京·西城区,西城区,15,1115,5.0
奥林匹克塔,,北京·朝阳区,朝阳区,118,1913,5.0
日光山谷露营地,,北京·密云县,密云县,98,13,4.7
震远镖局,,北京·密云县,密云县,990,141,5.0
北京生存岛基地,,北京·怀柔区,怀柔区,120,87,4.6
北京爱沐汤泉,,北京·石景山区,石景山区,199,14,5.0
京津冀旅游年卡,,北京,北京,75,165,4.9
第五季龙水凤港生态农场,,北京·通州区,通州区,48,2542,5.0
金隅凤山温泉,,北京·昌平区,昌平区,50,1282,4.8
清凉谷风景区,,北京·密云县,密云县,50,2062,4.9
北京梵高星空艺术馆,,北京·东城区,东城区,49.7,903,5.0
纪晓岚故居,,北京·西城区,西城区,9.4,1450,4.9
北京老爷车博物馆,,北京·怀柔区,怀柔区,50,38,4.5
clubmed joyview 北京延庆度假村(辉煌度假区),,北京·延庆县,延庆县,199,108,4.8
卢沟桥,,北京·丰台区,丰台区,20,20,5.0
南宫民族养生温泉,,北京·南宫旅游景区,南宫旅游景区,66,1606,5.0
国子监,,北京·东城区,东城区,0.1,1046,4.9
北京活的3D博物馆,,北京·朝阳区,朝阳区,57,1218,4.8
南宫天空城堡,,北京·南宫旅游景区,南宫旅游景区,49,8,4.8
水立方,,北京·奥林匹克公园,奥林匹克公园,29,17071,4.9
九华山庄温泉主题公园,,北京·九华山庄,九华山庄,108,1336,4.9
北京大学,,北京·海淀区,海淀区,116,2681,4.6
梅兰芳纪念馆,,北京·西城区,西城区,7,76,4.7
毛主席纪念堂,,北京·东城区,东城区,30,4941,5.0
北京独角兽星空艺术馆,,北京·王府井商业街,王府井商业街,49.9,181,5.0
考拉大冒险儿童主题乐园,,北京·顺义区,顺义区,128,76,4.8
紫禁城角楼,,北京·东城区,东城区,45,100,5.0
明昭陵,,北京·明十三陵,明十三陵,30,341,4.8
中国国家大剧院,,北京·西城区,西城区,27,4043,4.9
报国寺,,北京·西城区,西城区,7,3,5.0
醇亲王府,,北京·西城区,西城区,7,4,5.0
老君堂公园,,北京·朝阳区,朝阳区,7,4,5.0
南锣鼓巷,,北京·东城区,东城区,0.1,2615,4.4
德胜门箭楼,,北京·西城区,西城区,7,2,5.0
精灵谷,,北京·密云县,密云县,7,4,5.0
碣石村,,北京·门头沟区,门头沟区,7,6,5.0
鸟巢,,北京·奥林匹克公园,奥林匹克公园,94,24706,4.7
荷花市场,,北京·西城区,西城区,158,826,5.0
春晖园温泉度假村,,北京·顺义区,顺义区,123,2845,4.9
环秀晓筑养生度假村,,苏州·吴中区,吴中区,142.2,7,5.0
铜观音寺,,苏州·光福景区,光福景区,13.5,89,4.4
沈厅,,苏州·周庄,周庄,76,1557,4.7
叆叇岭景区,,苏州·旺山景区,旺山景区,148,1,5.0
金谷里艺术馆,,苏州,苏州,150,20,5.0
明月湾古村,,苏州·吴中区,吴中区,32,491,4.5
奈思堡家庭游乐中心,,苏州·张家港市,张家港市,158,4,5.0
苏州太湖新天地休闲公园,,苏州·吴中区,吴中区,4,14,4.4
书香世家树山温泉,,苏州·虎丘区,虎丘区,128,133,4.6
苏州都喜天丽温泉度假村,,苏州·高新区,高新区,168,32,5.0
永庆寺,,苏州·张家港市,张家港市,7,36,4.4
恩钿月季公园,,苏州·太仓市,太仓市,18,11,4.4
格林乡村公园,,苏州·吴江区,吴江区,8,57,4.2
拙政问雅,,苏州·姑苏区,姑苏区,198,60,5.0
东太湖大酒店珍SPA温泉,,苏州·吴江区,吴江区,198,12,5.0
轻井泽温泉馆,,苏州·太仓市,太仓市,199,10,5.0
东太湖生态旅游度假区,,苏州·吴江区,吴江区,198,5,5.0
苏州湾王焰温泉,,苏州·吴江区,吴江区,238,1043,4.9
苏州金鸡湖游艇帆船,,苏州·工业园区,工业园区,290,123,4.9
虹饮山房,,苏州·木渎古镇,木渎古镇,62,114,4.3
苏州天颐温泉,,苏州·吴中区,吴中区,142.2,1416,4.5
若航直升机空中游览,,苏州·工业园区,工业园区,500,19,4.4
星期九生态农庄,,苏州·昆山市,昆山市,8,257,3.9
榜眼府第,,苏州·木渎古镇,木渎古镇,62,102,4.3
小隆中,,苏州·穹窿山景区,穹窿山景区,29.3,16,4.1
太仓新动力越野基地,,苏州·太仓市,太仓市,270,3,5.0
唐寅园,,苏州·沧浪区,沧浪区,7,121,4.0
双山岛,,苏州·张家港市,张家港市,98,5,4.2
周庄大桥,,苏州·周庄,周庄,156,5,4.2
苏州梅园,,苏州·昆山市,昆山市,399,4,5.0
苏州文庙,,苏州·沧浪区,沧浪区,9,2,3.5
同里湖大饭店,,苏州·吴江区,吴江区,699,11,5.0
澄湖,,苏州·吴中区,吴中区,1000,2,5.0
常熟沙家浜温泉,,苏州·常熟市,常熟市,459,9,4.2
丝绸博物馆,,苏州·相城区,相城区,388,123,3.9
花伴湾·四季花海,,苏州·吴江区,吴江区,19.9,,
横泾烧酒文化馆,,苏州·吴中区,吴中区,1,,
田言观色,,苏州·昆山市,昆山市,1,,
白塘生态植物园,,苏州·吴中区,吴中区,7,,
澹台湖,,苏州·吴中区,吴中区,7,,
柳亚子纪念馆,,苏州·吴江区,吴江区,7,,
梁丰生态园,,苏州·张家港市,张家港市,8,,
光福古镇,,苏州·吴中区,吴中区,9,,
江村Camp,,苏州·吴江区,吴江区,8.9,,
采香泾生态园,,苏州,苏州,19.9,,
拾城记之姑苏物语,,苏州·姑苏区,姑苏区,20,,
师俭堂,,苏州·震泽古镇,震泽古镇,30,,
梦红楼新中式视觉艺术馆,,苏州,苏州,35,,
苏州抖起来达人谷·张桥月季公园,,苏州·吴中区,吴中区,35,,
紫藤园,,苏州·常熟市,常熟市,35,,
卓美术馆,,苏州·姑苏区,姑苏区,36,,
倒梦爱马仕中古丝巾展,,苏州,苏州,50,,
苏州古城之巅观景台,,苏州,苏州,68,,
世骑家旺山国际马术中心,,苏州·吴中区,吴中区,68,,
穹隆山孙武苑,,苏州·吴中区,吴中区,80,,
古镇水巷游,,苏州·周庄,周庄,88,,
舟际皮划艇俱乐部（大渔湾店）,,苏州·昆山市,昆山市,100,,
炮炮兵探险学院（白塘公园店）,,苏州,苏州,99,,
爱上飞行俱乐部,,苏州·甪直古镇,甪直古镇,99,,
炮炮兵探险学院（东园公园店）,,苏州·姑苏区,姑苏区,99,,
从化五指山景区,,广州·流溪河国家森林公园,流溪河国家森林公园,32,309,4.9
增城文化公园,3A,广州·增城,增城,2680,26,5.0
九龙湖,,广州·花都区,花都区,58,883,4.9
南沙水鸟世界生态园,,广州·南沙区,南沙区,114,2004,4.9
大丰门风景区,,广州·增城,增城,50,1303,4.9
碧泉空中温泉,,广州·从化市,从化市,85,4341,4.9
流溪河国家森林公园,,广州·从化市,从化市,32,3848,4.7
洪秀全故居,,广州·芙蓉度假村,芙蓉度假村,7,94,4.5
沙面旅游区,,广州·荔湾区,荔湾区,0.9,440,4.9
荔枝球景区,,广州·从化市,从化市,38,27,5.0
增城金叶子温泉,,广州·增城,增城,86,4043,4.9
广州飞越丛林探险乐园,,广州·黄埔区,黄埔区,65,2155,5.0
广州二龙山花园,,广州·增城,增城,45,914,4.7
长隆水上乐园,,广州·广州长隆旅游度假区,广州长隆旅游度假区,68,84416,5.0
黄花岗公园,,广州·越秀区,越秀区,9,10,5.0
广州从化天湖旅游风景区,,广州·从化市,从化市,24,281,4.7
从化亿城泉说温泉,,广州·从化市,从化市,68,192,5.0
天人山水大地艺术园,,广州·从化市,从化市,96,344,5.0
圣托利温泉庄园,,广州·从化市,从化市,128,316,4.9
天人山水度假区,,广州·从化市,从化市,96,324,5.0
从化溪头村露营地,,广州·从化市,从化市,288,5,5.0
一方乐田都市农园,,广州·海珠区,海珠区,28,60,5.0
广州从化碧水峡漂流,,广州·从化市,从化市,35,523,4.8
西郊游泳场,,广州·荔湾区,荔湾区,34.8,1439,5.0
西洋记,,广州·荔湾区,荔湾区,18.9,29,5.0
从化温泉风景区,,广州·从化市,从化市,749,81,5.0
卓思道温泉度假酒店,,广州·从化市,从化市,138,881,5.0
长隆飞鸟乐园,,广州·广州长隆旅游度假区,广州长隆旅游度假区,68,22747,4.8
珠江夜游,,广州·天河区,天河区,95,29400,4.8
广州独角兽星空艺术馆,,广州·越秀区,越秀区,39.9,11,5.0
黄埔古港景观区,,广州·黄埔区,黄埔区,8,6,5.0
广州正佳极地海洋世界,,广州·天河区,天河区,123.9,28187,4.9
广州星期8小镇,,广州·白云区,白云区,8,7443,4.9
白水寨嘉华温泉,,广州·增城白水寨风景名胜区,增城白水寨风景名胜区,105,737,5.0
大丰门漂流,,广州·大丰门风景区,大丰门风景区,50,956,4.9
奥咖HOKA光影剧场,,广州·越秀区,越秀区,42.62,23,5.0
都喜泰丽温泉度假酒店,,广州·从化市,从化市,128,1294,4.9
广州失恋博物馆,,广州·越秀区,越秀区,49.9,23,5.0
黄金海岸水上乐园,,广州·海珠区,海珠区,7,1185,5.0
乐漫冰雪王国（悦汇城店）,,广州·荔湾区,荔湾区,110,53,5.0
可可乐园,,广州,广州,19,7,5.0
广州南越王宫博物馆,,广州·越秀区,越秀区,60,40,5.0
森林海温泉,,广州·增城,增城,135,891,5.0
帷幕开啦（广州塔）蜡像馆,,广州·海珠区,海珠区,98,673,5.0
南粤苑,,广州·番禺区,番禺区,41.5,849,4.5
银盏温泉,,广州·芙蓉度假村,芙蓉度假村,108,95,4.9
欢乐谷休闲科教农场,,广州·花都区,花都区,29.9,5,5.0
璇玑地中海自助旋转餐厅,,广州·广州塔,广州塔,358,95,4.8
广州三英温泉,,广州·增城,增城,108,2405,4.8
广州8号艺术晒谷场,,广州·番禺区,番禺区,39.9,185,5.0
增江画廊,,广州·增城,增城,48,4,5.0
花果山芳香小镇,,广州·花都区,花都区,48,8,5.0
正佳自然科学博物馆,,广州·天河区,天河区,81.8,1797,5.0
熊猫乐园,,广州·长隆野生动物世界,长隆野生动物世界,1655,3,5.0
海心沙西区码头,,广州·天河区,天河区,98,2499,4.9
望谷温泉度假村,,广州·从化市,从化市,58,93,4.6
广州脱单便利店,,广州·越秀区,越秀区,49.9,1,5.0
增江画廊游船,,广州·增城,增城,48,11,5.0
广东温泉宾馆兰苑露天温泉,,广州·从化市,从化市,88,38,5.0
广州奇思妙想减压馆,,广州·越秀区,越秀区,49.9,5,5.0
天禾温泉酒店,,西安·雁塔区,雁塔区,189,18,5.0
陕西考古博物馆,,西安·长安区,长安区,67,609,5.0
dreamland遇见未来主题乐园,,西安·雁塔区,雁塔区,128,12,5.0
长安十二时辰主题街区,,西安,西安,127,10419,5.0
秦岭四宝科学公园,,西安·周至县,周至县,30,534,5.0
梦回大秦,,西安·临潼区,临潼区,98,394,4.7
玉山蓝河风景区,,西安·蓝田县,蓝田县,7,2,5.0
蔡文姬纪念馆,,西安·蓝田县,蓝田县,7,1226,5.0
丝路风情街,,西安·莲湖区,莲湖区,9,2,5.0
西影电影博物馆,,西安·雁塔区,雁塔区,58,793,5.0
十八度灰美术馆,,西安·灞桥区,灞桥区,15,4,5.0
白鹿仓·奇幻世界,,西安·灞桥区,灞桥区,18,1,5.0
大秦温泉,,西安·未央区,未央区,99,896,4.7
东影社华县皮影戏,,西安·莲湖区,莲湖区,20,7,5.0
陕西省工人疗养院,,西安·华清宫,华清宫,158,64,4.6
白鹿仓主题乐园,,西安·灞桥区,灞桥区,28.5,3,5.0
西安爱情博物馆,,西安·莲湖区,莲湖区,29.9,9,5.0
西安鼓楼,,西安·莲湖区,莲湖区,30,5690,4.7
华清爱琴海温泉,,西安·临潼区,临潼区,158,967,4.7
西安于右任故居博物馆,,西安,西安,35,22,5.0
百邻庄园,,西安·长安区,长安区,39.9,5,5.0
翠华山滑雪场,,西安·翠华山,翠华山,25,642,4.9
绿兔子都市农场,,西安·雁塔区,雁塔区,138,116,5.0
西安魔镜悬浮玻璃剧场,,西安·莲湖区,莲湖区,39.9,1,5.0
高家大院,,西安·莲湖区,莲湖区,15,5187,4.7
长安唐村·南堡古寨,,西安·长安区,长安区,20,27,4.9
梵高星空艺术馆,,西安·莲湖区,莲湖区,47,30,5.0
西安城墙灯会,,西安·西安城墙,西安城墙,49,1235,5.0
《秦始皇和他的地下王国》电影,,西安·临潼区,临潼区,48,5,5.0
西安钟楼星空艺术馆,,西安·碑林区,碑林区,49.9,19,5.0
中国周城,,西安·周至县,周至县,58,12,5.0
世界八大奇迹馆,,西安·临潼区,临潼区,43,172,4.2
西安欢乐海岸·OTC1314摩天轮,,西安·长安区,长安区,79,102,5.0
骊山索道,,西安,西安,60,31,5.0
陕西广播电视塔西部之光,,西安·雁塔区,雁塔区,60,649,4.9
白鹿原影视城欢乐世界,,西安·蓝田县,蓝田县,66,1,5.0
西安千古情,,西安·西安世博园,西安世博园,278,2777,5.0
数智汇青少年科技馆,,西安,西安,69.9,11,5.0
西安银基冰雪世界,,西安·新城区,新城区,69.9,3,5.0
钟鼓楼广场,,西安·莲湖区,莲湖区,30,1321,4.8
青曲社相声茶馆（大雁塔店）,,西安·雁塔区,雁塔区,103,48,5.0
长乐公园,,西安·碑林区,碑林区,88,1,5.0
楼观道温泉,,西安·终南山古楼观,终南山古楼观,118,124,4.4
茯茶文化维景酒店温泉,,西安,西安,88,2,5.0
赵公明财神文化区,,西安·终南山古楼观,终南山古楼观,45,578,4.6
老友喜剧脱口秀,,西安·碑林区,碑林区,99,2,5.0
华夏文旅西安度假区,,西安·灞桥区,灞桥区,180,412,5.0
西安东大秦龙温泉,,西安·长安区,长安区,94.4,694,4.7
汤峪天潭温泉酒店,,西安·蓝田县,蓝田县,140,587,4.8
兵马俑一号坑,,西安·临潼区,临潼区,159,62,5.0
唐大慈恩寺遗址公园,,西安·曲江旅游度假区,曲江旅游度假区,12,9,4.6
华夏文旅海洋公园,,西安·华夏文旅西安度假区,华夏文旅西安度假区,180,3378,5.0
兴庆宫公园,,西安·碑林区,碑林区,7,224,4.2
秦陵铜车马,,西安·秦始皇帝陵博物院（兵马俑）,秦始皇帝陵博物院（兵马俑）,136,29,5.0
曲江池遗址公园,,西安·曲江旅游度假区,曲江旅游度假区,10,307,4.3
天都农业体验园,,西安,西安,138,3,5.0
兵马俑三号坑,,西安·临潼区,临潼区,159,52,5.0
秦始皇陵丽山园景区,,西安·秦始皇帝陵博物院（兵马俑）,秦始皇帝陵博物院（兵马俑）,136,9695,4.8
清水湾·乐汤汇,,西安·未央区,未央区,89,48,4.7
西安临潼悦椿温泉,,西安·临潼区,临潼区,188,1572,4.9
候鸟木语度假区,,丽江·玉龙县,玉龙县,0,15,4.5
泸沽湖格则尔摩梭风情园,,丽江·宁蒗县,宁蒗县,0,3,5.0
清溪水库,,丽江,丽江,0,3,5.0
永宁温泉,,丽江·宁蒗县,宁蒗县,0,1,5.0
石古城,,丽江·玉龙县,玉龙县,0,1,5.0
巨甸古镇,,丽江·玉龙县,玉龙县,0,1,5.0
梓里,,丽江·永胜县,永胜县,0,1,5.0
东巴文化博物馆,,丽江·黑龙潭,黑龙潭,0,1,5.0
丽江身临其境3D魔幻画展,,丽江·古城区,古城区,0,2,5.0
得月楼,,丽江·黑龙潭,黑龙潭,0,1,5.0
茶舞之韵,,丽江·古城区,古城区,0,1,5.0
普济寺,,丽江·古城区,古城区,0,1,5.0
扇子陡,,丽江·玉龙县,玉龙县,0,1,5.0
拉市海海美达巴骑马场,,丽江·玉龙县,玉龙县,0,1,5.0
彩云飞歌,,丽江·丽江古城,丽江古城,0,1,5.0
胖金妹,,丽江·玉龙县,玉龙县,0,1,5.0
日光倾城酒吧,,丽江·古城区,古城区,0,1,5.0
龙玉湾风情园,,丽江·古城区,古城区,0,1,5.0
古道藏家博物馆,,丽江·束河古镇,束河古镇,0,1,5.0
西昌—泸沽湖3日往返拼车服务,,丽江·宁蒗县,宁蒗县,0,3,5.0
泸沽三岛,,丽江·泸沽湖,泸沽湖,0,13,4.2
女神洞,,丽江·格姆女神山,格姆女神山,0,5,3.2
拉市海竹筏逍遥游,,丽江,丽江,0,84,4.5
丽江机场接机,,丽江,丽江,0,6,4.7
西门,,丽江·古城区,古城区,0,3,4.7
古城湖畔国际高尔夫球俱乐部,,丽江·古城区,古城区,0,21,4.7
丽江旅游专线车,,丽江,丽江,0,653,4.5
丽江金塔,,丽江·古城区,古城区,0,187,4.5
丽江名人蜡像馆,,丽江·丽江古城,丽江古城,0,22,3.3
白沙壁画,,丽江·玉龙县,玉龙县,0,6,3.2
西湖马帮,,丽江,丽江,0,2,4.5
洛克旧居,,丽江·玉龙县,玉龙县,0,74,4.5
拉市海高原湿地骝马场,,丽江·玉龙县,玉龙县,0,7,4.4
拉市海观鹤山庄马场,,丽江,丽江,0,11,4.3
老君山九十九龙潭景区,,丽江·老君山,老君山,0,3,4.3
泸沽湖摩梭民俗博物馆,,丽江·泸沽湖,泸沽湖,0,43,4.2
扎美寺,,丽江·宁蒗县,宁蒗县,0,1,4.0
龙泉寺,,丽江,丽江,0,1,4.0
程海,,丽江·永胜县,永胜县,0,1,4.0
六德碑林,,丽江·永胜县,永胜县,0,1,4.0
五凤楼,,丽江·黑龙潭,黑龙潭,0,1,4.0
靴顶寺,,丽江·古城区,古城区,0,1,4.0
核桃园,,丽江·玉龙县,玉龙县,0,1,4.0
三江并流,,丽江·玉龙县,玉龙县,0,1,4.0
灵源箐,,丽江·永胜县,永胜县,0,2,4.0
大具,,丽江·玉龙县,玉龙县,0,1,4.0
吉意溶洞,,丽江·宁蒗县,宁蒗县,0,1,4.0
明清宫馆国际水会,,丽江·古城区,古城区,0,1,4.0
灵洞,,丽江·玉龙县,玉龙县,0,1,4.0
洛水村,,丽江·宁蒗县,宁蒗县,0,1,4.0
丽江天雨音乐节,,丽江·古城区,古城区,0,1,4.0
拉市海纳西古马场,,丽江·玉龙县,玉龙县,0,19,3.5
拉市海掌拉市八队马场,,丽江,丽江,0,13,3.8
一米阳光(总店),,丽江·古城区,古城区,0,4,3.8
木家寨马场,,丽江·玉龙县,玉龙县,0,15,3.5
小凉山,,丽江·永胜县,永胜县,0,1,3.0
鸡公石,,丽江·玉龙县,玉龙县,0,1,3.0
他留山古墓群,,丽江·永胜县,永胜县,0,1,3.0
雪蒿村,,丽江·香格里雄古观景台,香格里雄古观景台,0,1,3.0
西香格里,,丽江·玉龙县,玉龙县,0,2,3.0
古北水镇,,北京·密云县,密云县,140,36009,4.9
青山园景区,,北京·延庆县,延庆县,27,126,5.0
北京Meland Club(芳圆里ID MALL店),,北京·朝阳区,朝阳区,100,19,5.0
天安门端门,,北京·东城区,东城区,38,79,5.0
天安门广场,,北京·东城区,东城区,30,82830,4.9
幽岚山·童话森林,,北京·房山区,房山区,50,171,5.0
索尼探梦,,北京·朝阳区,朝阳区,30,47,4.6
冶仙塔,,北京·密云县,密云县,48.6,2787,5.0
西游王国•西游主题乐园,,北京·丰台区,丰台区,65,11,5.0
南宫露营运动乐园,,北京·丰台区,丰台区,20,19,5.0
北京延庆奥林匹克园区,,北京·延庆县,延庆县,80,103,5.0
北京河北村民俗文化体验园,,北京·顺义区,顺义区,50,136,4.7
珊瑚岛大冒险探险乐园,,北京·丰台区,丰台区,228,10,5.0
天安门城楼,,北京·东城区,东城区,30,1534,4.8
北京日光山谷,,北京·密云县,密云县,98,23,5.0
韩建翠溪谷大美儿童世界,,北京·房山区,房山区,55,418,5.0
京西古道,,北京·门头沟区,门头沟区,25,244,4.9
北京中华民族园,,北京·朝阳区,朝阳区,45,3369,4.7
老象峰,,北京·平谷区,平谷区,25,170,4.6
云蒙山国家森林公园,,北京·密云县,密云县,0.7,2866,4.9
南宫蹦床乐园,,北京·丰台区,丰台区,59,110,5.0
仙西山,,北京·房山区,房山区,7,147,4.8
大觉寺,,北京·海淀区,海淀区,1.6,60,5.0
水裹·汤泉生活,,北京·朝阳区,朝阳区,279,156,5.0
中国国家博物馆,,北京·东城区,东城区,30,37996,5.0
西游王国•西游萌宠空间,,北京·丰台区,丰台区,65,23,5.0
浩泰冰上运动中心（天通苑店）,,北京·昌平区,昌平区,70,32,4.8
珍宝馆,,北京·故宫博物院,故宫博物院,43,5507,5.0
绿野仙踪郊野乐园,,北京·丰台区,丰台区,25.9,269,5.0
圣泉山,,北京·怀柔区,怀柔区,32,468,4.9
朝阳公园恐龙王国历险城,,北京·朝阳公园,朝阳公园,28,6,5.0
北京温榆河公园,,北京·朝阳区,朝阳区,58,191,5.0
亮马河国际风情水岸,,北京·朝阳区,朝阳区,35,86,4.9
蓝可可亲子乐园,,北京·朝阳区,朝阳区,128,45,5.0
南宫苑公园,,北京·南宫旅游景区,南宫旅游景区,19.9,24,5.0
红砖美术馆,,北京·朝阳区,朝阳区,120,395,4.9
今日美术馆,,北京·海淀区,海淀区,98,189,5.0
紫谷伊甸园,,北京·丰台区,丰台区,30,463,4.4
北京失恋博物馆（王府井）,,北京·东城区,东城区,49.9,67,5.0
顺义动物星世界,,北京,北京,88,73,5.0
国家植物园南园,,北京·海淀区,海淀区,10,14,4.9
九华山庄,,北京·昌平区,昌平区,108,1594,4.9
明皇蜡像宫,,北京·昌平区,昌平区,7,215,4.6
北京后花园（白虎涧）风景区,,北京·昌平区,昌平区,39.9,1398,4.7
南宫五洲植物乐园,,北京·丰台区,丰台区,9.9,5131,5.0
中国美术馆,,北京·东城区,东城区,49.9,510,5.0
云蒙山大瀑布,,北京·密云县,密云县,32,93,4.5
云峰山,,北京·密云县,密云县,35,47,4.8
星奇Day亲子探索世界,,北京·顺义区,顺义区,58,5,5.0
南宫秘林谷物种具乐营,,北京·丰台区,丰台区,299,67,5.0
蟠龙山长城,,北京·古北口长城,古北口长城,33,9,5.0
幽谷神潭,,北京·怀柔区,怀柔区,38,45,4.7
人民英雄纪念碑,,北京·天安门广场,天安门广场,43,598,5.0
南宫温泉江户汗蒸,,北京·丰台区,丰台区,118,126,5.0
北京新华联丽景温泉,,北京·顺义区,顺义区,210,106,4.8
北京上方山国家森林公园,,北京·房山区,房山区,9,324,4.6
呀路古热带植物园,,北京·大兴区,大兴区,60,3191,4.9
永宁古城,,北京·龙庆峡,龙庆峡,108,52,5.0
欢乐松鼠谷,,北京·密云县,密云县,58,355,5.0
云梦仙境,,北京·怀柔区,怀柔区,10,189,4.8
北岳庙,,丽江·玉龙县,玉龙县,0,1,3.0
茶马古道博物馆,,丽江·束河古镇,束河古镇,0,4,2.8
樱花屋酒吧,,丽江·古城区,古城区,0,2,2.5
拉市海归来公社,,丽江·玉龙县,玉龙县,0,,
梦幻星空艺术馆,,丽江,丽江,0,,
九鼎龙潭,,丽江·束河古镇,束河古镇,0,,
玉河广场,,丽江·古城区,古城区,0,,
拉市海木氏土司马场,,丽江·玉龙县,玉龙县,0,,
我在丽江等你文化创意产业基地,,丽江·丽江古城,丽江古城,0,,
极速户外俱乐部,,丽江·玉龙县,玉龙县,0,,
丽江骊骥传奇马术俱乐部,,丽江·古城区,古城区,0,,
三家村,,丽江·泸沽湖,泸沽湖,0,,
在水一方酒吧,,丽江·古城区,古城区,0,,
山食野宿房车露营地,,丽江·玉龙县,玉龙县,0,,
沐鲁雪山农场露营地,,丽江·玉龙县,玉龙县,0,,
小鱼坝,,丽江·泸沽湖,泸沽湖,0,,
简途•丽江旅游直通车,,丽江,丽江,0,,
丽江用车服务,,丽江,丽江,0,,
白龙文化广场,,丽江·古城区,古城区,0,,
洛克故居,,丽江·玉龙县,玉龙县,0,,
茶马王故居纪念馆,,丽江·古城区,古城区,0,,
丽江失恋展览馆,,丽江·古城区,古城区,0,,
安上马场,,丽江·玉龙县,玉龙县,0,,
马场合作社,,丽江·玉龙县,玉龙县,0,,
丽江“雪山农场”精品庄园,,丽江·玉龙县,玉龙县,0,,
天雨流芳石牌坊,,丽江·古城区,古城区,0,,
蓝月湖,,丽江,丽江,0,,
四方听音广场,,丽江·束河古镇,束河古镇,0,,
长征渡江纪念碑,,丽江·石鼓镇,石鼓镇,0,,
悦云·丽江别院度假酒店,,丽江,丽江,0,,
知行一品雪山农场露营地,,丽江·玉龙县,玉龙县,0,,
杜鹃园,,丽江·玉龙雪山,玉龙雪山,0,,
狗钻洞,,丽江,丽江,0,,
万子桥,,丽江·丽江古城,丽江古城,0,,
光碧楼,,丽江·古城区,古城区,0,,
雪山艺术小镇,,丽江·古城区,古城区,0,,
官门口,,丽江·古城区,古城区,0,,
三圣宫,,丽江·古城区,古城区,0,,
仙旅玉湖农庄星空帐篷营地,,丽江·玉龙县,玉龙县,0,,
溢璨井,,丽江·古城区,古城区,0,,
科贡坊,,丽江·古城区,古城区,0,,
千里走单骑,,丽江·古城区,古城区,0,,
复游城爱必侬雪山露营地,,丽江·玉龙县,玉龙县,0,,
丽江雪山滑翔基地,,丽江,丽江,0,,
石头村,,丽江·玉龙县,玉龙县,0,,
三清殿,,丽江·古城区,古城区,0,,
黎明景区安七尼帐篷露营地,,丽江·玉龙县,玉龙县,0,,
茶马古道安中马场,,丽江,丽江,0,,
忠义市场,,丽江·古城区,古城区,0,,
东巴谷汽车旅游露营地,,丽江·玉龙县,玉龙县,0,,
方国瑜故居,,丽江·丽江古城,丽江古城,0,,
丽香车队,,丽江,丽江,0,,
文昌宫,,丽江·古城区,古城区,0,,
丽江蹦极,,丽江,丽江,0,,
戛姆山,,丽江·泸沽湖,泸沽湖,0,,
护法殿,,丽江·古城区,古城区,0,,
玉龙星托邦露营地,,丽江·玉龙县,玉龙县,0,,
崇圣寺三塔文化旅游区,5A,大理·大理古城,大理·大理古城,68,34202,4.7
大理沙溪古镇,4A,大理·大理市,大理·大理市,229,263,4.7
香格里拉虎跳峡,4A,迪庆·香格里拉县,迪庆·香格里拉县,45,6444,4.9
香雪海,,苏州·光福景区,光福景区,17,2109,4.8
艺圃,,苏州·平江区,平江区,10,201,4.9
富安桥,,苏州·周庄,周庄,76,643,5.0
苏州湾梦幻水世界,,苏州·吴江区,吴江区,7,2107,5.0
耦园,,苏州·平江区,平江区,25,2546,4.9
太湖鹿盛梅花鹿乐园,,苏州·吴中区,吴中区,9.9,1,5.0
宁邦寺,,苏州·穹窿山景区,穹窿山景区,7,1,5.0
畅园,,苏州·沧浪区,沧浪区,9,1,5.0
苏州本色美术馆,,苏州,苏州,30,36,5.0
锦澜沙滩,,苏州,苏州,9.9,14,5.0
沧浪亭,,苏州·沧浪区,沧浪区,20,3742,4.8
可园,,苏州·沧浪区,沧浪区,25,1642,4.9
严家花园,,苏州·木渎古镇,木渎古镇,40,60,5.0
阳澄湖水上公园游乐场,,苏州·昆山市,昆山市,26.9,1,5.0
汤漫温泉,,苏州·高新区,高新区,39.9,28,4.9
乐营淀山湖国际营地,,苏州·昆山市,昆山市,30,9,5.0
紫金庵,,苏州·吴中区,吴中区,27,222,4.5
启园,,苏州·吴中区,吴中区,40.5,1061,4.7
周庄一日游,,苏州·周庄,周庄,76,2383,5.0
林屋洞,,苏州·太湖西山岛,太湖西山岛,45,4354,4.7
林渡暖村,,苏州,苏州,38,2,5.0
斜塘老街游船码头,,苏州·工业园区,工业园区,40,6,5.0
苏州海洋馆,,苏州·吴中区,吴中区,120,1607,4.7
燕园,,苏州·常熟市,常熟市,8,106,4.5
东山雨花胜境,,苏州·吴中区,吴中区,27,530,4.7
江南红豆文化园,,苏州·常熟市,常熟市,45,2,5.0
甪直古镇游船,,苏州·吴中区,吴中区,45,2,5.0
苏州古运河游船（山塘街白居易码头）,,苏州·姑苏区,姑苏区,76,396,5.0
六悦博物馆,,苏州,苏州,100,39,5.0
拙政园VR馆,,苏州,苏州,55,21,5.0
九龙潭风景区,,苏州·旺山景区,旺山景区,148,128,4.4
寒山别院,,苏州·姑苏区,姑苏区,68,461,5.0
昆城滑冰场,,苏州·昆山市,昆山市,59.9,27,5.0
东山陆巷古村,,苏州·吴中区,吴中区,56.5,709,4.6
怡园,,苏州·沧浪区,沧浪区,15,382,4.7
崇本堂,,苏州·同里古镇,同里古镇,88,57,5.0
周庄万三水上财道游船,,苏州·周庄,周庄,76,442,4.9
苏州古运河游船（新市桥码头）,,苏州,苏州,76,79,5.0
寒山寺钟楼,,苏州·金阊区,金阊区,158,25,4.9
北寺塔,,苏州·姑苏区,姑苏区,7,212,4.4
四季周庄,,苏州·周庄,周庄,79,2372,4.9
退思园,,苏州·同里古镇,同里古镇,49.3,1713,4.7
幻境世界苏州元宇宙,,苏州·相城区,相城区,79,3,5.0
嘉德·宥爱艺术中心,,苏州·吴中区,吴中区,180,15,5.0
枫桥,,苏州·金阊区,金阊区,10,2926,4.6
姑苏水上游,,苏州·金阊区,金阊区,76,3311,4.7
张家港梦幻海洋王国,,苏州·张家港市,张家港市,95,314,4.9
苏州古运河,,苏州·沧浪区,沧浪区,76,7429,4.8
舟际皮划艇俱乐部（阳澄湖费尔蒙店）,,苏州·昆山市,昆山市,100,4,5.0
奈尔宝家庭中心 （苏州大悦春风里店,,苏州·相城区,相城区,99,9,5.0
苏州文化艺术中心,,苏州·工业园区,工业园区,99,2,5.0
舟际皮划艇俱乐部（淀山湖富力湾店）,,苏州·昆山市,昆山市,100,7,5.0
周庄纸箱王创意园区,,苏州·周庄,周庄,58,294,4.7
苏州古运河游船（盘门码头）,,苏州,苏州,118,6,5.0
万寿宫,,苏州·沧浪区,沧浪区,128,1,5.0
金凤凰温泉度假村,,苏州·张家港市,张家港市,128,893,4.7
张家港萌宠乐园,,苏州·张家港市,张家港市,75,17,4.8
司徒庙,,苏州·光福景区,光福景区,22.5,98,4.4
墨客园茶席乐剧场,,苏州·姑苏区,姑苏区,138,1,5.0
南园公园,,苏州·太仓市,太仓市,8,2,4.5
尼赛村,,丽江·宁蒗县,宁蒗县,256,23,4.6
丽江乐园,,丽江,丽江,890,22,4.2
雪域飞鹰丽江飞行基地,,丽江·玉龙县,玉龙县,580,1,5.0
蓝月谷,,丽江·玉龙雪山,玉龙雪山,398,2829,4.8
丽江途狼户外越野俱乐部,,丽江·古城区,古城区,390,1,5.0
甘海子,,丽江·宁蒗县,宁蒗县,398,1349,4.9
文海,,丽江·玉龙县,玉龙县,328,3,4.7
花花色玫瑰庄园,,丽江·古城区,古城区,160,14,3.9
石鼓镇,,丽江·玉龙县,玉龙县,498,1,5.0
丽江九色玫瑰小镇,,丽江·古城区,古城区,2539,138,4.8
千龟山,,丽江·老君山,老君山,498,72,4.3
丽江宝山石头城,,丽江·古城区,古城区,2539,4,3.8
古道藏家,,丽江,丽江,7,,
丽江高山植物园,,丽江·玉龙县,玉龙县,25,,
粉红帝国悠悠马场,,丽江·玉龙县,玉龙县,29,,
半山露天温泉,,丽江·古城区,古城区,68,,
大东世强温泉,,丽江·古城区,古城区,68,,
玉龙雪山冰川地质博物馆,,丽江·玉龙县,玉龙县,98,,
丽江花海,,丽江·玉龙县,玉龙县,2539,,
途狼户外俱乐部,,丽江·古城区,古城区,468,,
里格摩梭文化展示中心,,丽江·宁蒗县,宁蒗县,0,11,5.0
文笔山,3A,丽江·玉龙县,玉龙县,0,30,4.8
老君山,,丽江·玉龙县,玉龙县,0,204,4.9
拉市海安尚马场,,丽江,丽江,0,1994,4.9
玉龙第三国温泉,,丽江·古城区,古城区,0,158,4.9
许愿亭,,丽江·古城区,古城区,0,45,5.0
木老爷打猎骑马场,4A,丽江,丽江,0,4,4.8
玉柱擎天,2A,丽江·玉龙县,玉龙县,0,56,4.6
哈里谷,,丽江·古城区,古城区,0,239,4.5
拉市海三队马场,,丽江·玉龙县,玉龙县,0,223,4.7
丽江湖畔会馆,,丽江,丽江,0,3,5.0
玉峰寺,2A,丽江·玉龙县,玉龙县,0,1,4.0
镜潭湖,,丽江·蓝月谷,蓝月谷,0,7,5.0
拉市海海北恩宗三队骑马场,,丽江·玉龙县,玉龙县,0,150,4.7
拉市海在水一方马场,,丽江·玉龙县,玉龙县,0,38,4.9
东巴谷生态文化园,3A,丽江·古城区,古城区,0,84,4.2
指云寺,,丽江·玉龙县,玉龙县,0,15,4.9
《遇见·丽江》演出,,丽江·古城区,古城区,0,34,5.0
东巴万神园,,丽江·玉龙县,玉龙县,0,1,5.0
丽江金龙桥,,丽江·永胜县,永胜县,0,3,5.0
拉市海达人马场,,丽江,丽江,0,178,4.7
大理旅游专线车,,丽江,丽江,0,36,5.0
纳西创世纪,,丽江·古城区,古城区,0,1,5.0
云南拉市海南尧马场,,丽江·玉龙县,玉龙县,0,18,4.6
老君山大峡谷漂流,,丽江·玉龙县,玉龙县,0,10,5.0
拉市海木府马帮,,丽江·玉龙县,玉龙县,0,61,4.5
拉市海木氏兄弟马场,,丽江,丽江,0,183,4.9
拉市海骥足马场,,丽江,丽江,0,21,4.9
拉市海木得马场,,丽江·玉龙县,玉龙县,0,92,4.5
新安上马场,,丽江·玉龙县,玉龙县,0,16,4.7
香格里雄古观景台,,丽江·玉龙县,玉龙县,0,3,5.0
拉市海海蓝云天马场,,丽江·玉龙县,玉龙县,0,65,4.9
丽江梵高星空艺术馆,,丽江·古城区,古城区,0,3,5.0
拉市海西湖马场,,丽江,丽江,0,20,3.6
丽江花园,,丽江·古城区,古城区,0,1,5.0
摩梭村,,丽江·宁蒗县,宁蒗县,0,2,5.0
摩梭之家,,丽江·泸沽湖,泸沽湖,0,26,4.4
拉市海恩宗二队马场,,丽江·玉龙县,玉龙县,0,12,4.3
玉龙雪山ATV沙滩车,,丽江,丽江,0,11,5.0
丽江拉市海快乐时光马帮俱乐部,,丽江·玉龙县,玉龙县,0,4,5.0
滨玛逊摩托艇俱乐部,,三亚,三亚,158,,
夏日冲浪店尾波冲浪俱乐部,,三亚,三亚,158,,
梦可人人海钓游艇俱乐部,,三亚·天涯区,天涯区,168,,
鲸舟逆浪摩托艇俱乐部,,三亚·天涯区,天涯区,180,,
潜小猪龙仔岛,,三亚·吉阳区,吉阳区,198,,
乐力堡全民游乐运动中心,,三亚·天涯区,天涯区,199,,
三亚游艇乐海俱乐部,,三亚,三亚,1588,,
小飞鱼,,三亚,三亚,210,,
香蕉船,,三亚,三亚,210,,
大白鲸游艇俱乐部,,三亚·吉阳区,吉阳区,218,,
卡尔登游艇俱乐部,,三亚,三亚,228,,
亚特兰蒂斯潜水俱乐部,,三亚·海棠湾,海棠湾,2288,,
三亚特缔思潜水中心,,三亚·海棠湾,海棠湾,260,,
三亚自由鹿游艇尾波冲浪俱乐部,,三亚·吉阳区,吉阳区,268,,
三亚指南游艇海钓俱乐部,,三亚·吉阳区,吉阳区,268,,
人人钓鱼海钓俱乐部,,三亚·天涯区,天涯区,268,,
洋海港务局码头,,三亚·天涯区,天涯区,289,,
鑫洋游艇出海俱乐部,,三亚·吉阳区,吉阳区,298,,
Move牧屋营地,,三亚·吉阳区,吉阳区,298,,
六个芒果游艇俱乐部,,三亚·吉阳区,吉阳区,298,,
不凡水上游乐俱乐部,,三亚·天涯区,天涯区,588,,
海棠湾滑翔伞飞行营地,,三亚·海棠区,海棠区,652.6,,
晟浪水上俱乐部,,三亚·天涯区,天涯区,380,,
哈喽尾波冲浪俱乐部,,三亚·天涯区,天涯区,398,,
MAKO尾波冲浪-动力冲浪俱乐部,,三亚,三亚,1088,,
自由者桨板俱乐部,,三亚·海棠区,海棠区,438,,
海棠湾豪生潜水,,三亚·海棠区,海棠区,438,,
亚龙湾博越航空飞行营地,,三亚·吉阳区,吉阳区,480,,
三亚水上飞机空中游览,,三亚·三亚湾,三亚湾,1800,,
愚生VIVA LA VIDA 野奢露营地（三亚海棠湾站）,,三亚·海棠区,海棠区,648,,
天涯镇(蓝白小镇),,三亚,三亚,799,,
AJ Natural Studio潜水摄影,,三亚,三亚,699,,
竞技体育尾波冲浪俱乐部,,三亚,三亚,798,,
躁浪尾波冲浪俱乐部,,三亚·吉阳区,吉阳区,1388,,
天昆浪尾波冲浪俱乐部,,三亚·吉阳区,吉阳区,1098,,
大小洞天,5A,三亚·崖州区,崖州区,0,29878,4.9
天涯海角,4A,三亚·天涯区,天涯区,0,94756,4.8
鹿回头风景区,4A,三亚·吉阳区,吉阳区,0,69994,4.8
牛王岭,4A,三亚·西岛,西岛,0,67,4.6
三亚租车服务,,三亚,三亚,0,39,4.8
三亚梦幻水上乐园,,三亚,三亚,0,6836,4.8
亚龙湾德贝潜水运动中心,,三亚·亚龙湾,亚龙湾,0,44,4.6
三亚星空爱情体验馆,,三亚,三亚,0,2,5.0
中廖村,,三亚·吉阳区,吉阳区,0,6,5.0
三亚失恋博物馆,,三亚,三亚,0,1,5.0
三亚梦幻星空馆,,三亚,三亚,0,134,5.0
三亚槟榔河温泉,,三亚,三亚,0,1561,4.9
浪漫天涯,,三亚,三亚,0,94,5.0
三亚南山别院,,三亚,三亚,0,20,5.0
三亚内河水上巴士生态观光游,,三亚·河东区,河东区,0,44,4.9
三亚辰光克拉码头酒店,,三亚·三亚湾,三亚湾,0,19,4.9
三亚游牧虎帆船俱乐部,,三亚·海棠湾,海棠湾,0,1,5.0
大东海环球潜水基地,,三亚,三亚,0,26,4.7
自由者印象海洋分界洲户外,,三亚,三亚,0,102,5.0
三亚海螺姑娘创意文化园,,三亚·河东区,河东区,0,590,4.7
海洋之星,,三亚·海棠区,海棠区,0,4,5.0
三亚湾潜水,,三亚·三亚湾,三亚湾,0,1281,4.7
漫威复仇者联盟互动体验站（三亚站）,,三亚·海棠区,海棠区,0,31,5.0
凤凰岛德贝水上运动中心,,三亚·三亚凤凰岛,三亚凤凰岛,0,35,4.3
百福湾出海观光海钓浮潜,,三亚,三亚,0,3,5.0
海洋村,,桂林·灵川县,灵川县,0,41,4.6
碧莲洞景区,,桂林·阳朔县,阳朔县,0,11,4.4
阳朔茶观园景区,,桂林·阳朔县,阳朔县,0,24,4.5
桂林龙胜温泉国家森林公园,,桂林·龙胜温泉旅游度假区,龙胜温泉旅游度假区,0,58,4.6
万景竹筏漂流,,桂林·遇龙河,遇龙河,0,2,5.0
桂林天湖生态旅游度假区,,桂林·全州县,全州县,0,13,4.7
玉圭园环球名胜梦幻水上乐园,,桂林·雁山区,雁山区,0,2563,4.6
武庙,,桂林·恭城县,恭城县,0,26,4.3
桂林园林植物园,,桂林·象山区,象山区,0,95,4.4
阳朔星视界趣味蜡像馆,,桂林·阳朔县,阳朔县,0,301,4.7
仙境湖峡谷漂流,,桂林·平乐县,平乐县,0,6,4.5
漓江（唐人街-林家州）竹筏漂流,,桂林·阳朔县,阳朔县,0,47,4.9
桂林广福山越野车户外运动基地,,桂林·临桂区,临桂区,0,5,5.0
桂林神龙养生度假区,,桂林·雁山区,雁山区,0,20,4.0
漓江（阳朔-杨堤）三星游船,,桂林·阳朔县,阳朔县,0,152,4.9
老山界红军长征纪念馆,,桂林·兴安县,兴安县,0,1,5.0
一锋越野山地车俱乐部,,桂林·阳朔县,阳朔县,0,1,5.0
水缤纷海洋王国,,桂林·七星区,七星区,0,34,4.9
超然派景区,,桂林·兴安县,兴安县,0,5,4.8
富里桥竹筏漂流,,桂林·阳朔县,阳朔县,0,32,5.0
桂林锦龙国际赛车场,,桂林·荔浦县,荔浦县,0,25,5.0
阳朔梦幻冰雪世界,,桂林·阳朔西街,阳朔西街,0,4,5.0
恭城文庙,,桂林·恭城县,恭城县,0,62,4.6
画山云顶观日台,,桂林·兴坪古镇,兴坪古镇,0,1,5.0
七仙峰茶场,,桂林·阳朔县,阳朔县,0,20,4.7
罗山湖四季温泉小镇,,桂林·临桂区,临桂区,0,324,4.9
天门山全程索道,,桂林·资源天门山,资源天门山,0,152,4.8
阳朔大印人文景观园,,桂林·阳朔县,阳朔县,0,3,4.7
罗山湖景区,,桂林·临桂区,临桂区,0,135,5.0
樱花岛生态乐园,,桂林·七星区,七星区,0,1,5.0
阳朔真人CS,,桂林·阳朔县,阳朔县,0,1,5.0
镇湘塔,,桂林·全州县,全州县,0,1,5.0
秦城水街,,桂林·兴安县,兴安县,0,1,5.0
十里竹海大峡谷,,桂林·超然派景区,超然派景区,0,3,5.0
青狮潭,,桂林·灵川县,灵川县,0,1,5.0
桂林机场接送机阳朔线,,桂林·临桂区,临桂区,0,5,5.0
花桥牌,,桂林,桂林,0,1,5.0
花坪银杉自然生态保护区,,桂林·广福景区,广福景区,0,1,5.0
桂林直升机空中游览,,桂林·秀峰区,秀峰区,0,1,5.0
怨灵屋,,桂林·象山区,象山区,0,2,5.0
皇家宝贝儿童乐园,,桂林·叠彩区,叠彩区,0,1,5.0
大地部落户外攀岩基地,,桂林·阳朔县,阳朔县,0,10,5.0
资源丹霞游船,,桂林·资江,资江,0,21,4.9
玉圭园环球名胜凯旋王国主题乐园,,桂林·雁山区,雁山区,0,549,4.9
阳朔鉴山寺,,桂林·阳朔县,阳朔县,0,35,3.1
奇幻冰雪王国阳朔站,,桂林·阳朔县,阳朔县,0,83,4.8
西街地宫幻境艺术馆,,桂林·阳朔西街,阳朔西街,0,54,4.3
乐满地矿温泉,,桂林·兴安县,兴安县,0,13,4.6
老寨山,,桂林·兴坪古镇,兴坪古镇,0,49,4.6
冒险树,,桂林·七星景区,七星景区,0,25,4.1
桂林北高铁站-阳朔直通车,,桂林·叠彩区,叠彩区,0,41,4.5
桃花江山水画廊,,桂林·秀峰区,秀峰区,0,6,4.5
尚水街,,桂林·秀峰区,秀峰区,0,36,4.5
孔庙,,桂林·恭城县,恭城县,0,2,4.5
CS野战营,,桂林·七星景区,七星景区,0,6,4.5
葡萄山风景区,,桂林·阳朔县,阳朔县,0,4,4.5
怪楼视觉艺术馆,,桂林·阳朔县,阳朔县,0,101,4.0
资源丹霞地质公园,,桂林·资源县,资源县,0,1,4.0
资江漂流,,桂林·资江,资江,0,1,4.0
古严关,,桂林·兴安县,兴安县,0,1,4.0
苏州乐园,4A,苏州·高新区,高新区,399,11075,4.8
恬庄古街,,苏州·张家港市,张家港市,18,193,4.2
兴福禅寺,,苏州·常熟市,常熟市,7,15,4.7
张省艺术馆,,苏州·吴中区,吴中区,45,45,4.9
上方山森林动物世界,,苏州·虎丘区,虎丘区,60,11448,5.0
白鹤寺,,苏州·虎丘区,虎丘区,7,15,5.0
苏州江南农耕文化园,,苏州·张家港市,张家港市,53,1047,4.8
盛泽湖月季园,,苏州·盛泽湖休闲度假区,盛泽湖休闲度假区,17.4,147,4.9
尚湖角乐士乐园,,苏州·常熟市,常熟市,55,32,4.9
大阳山植物园,,苏州·高新区,高新区,35,366,5.0
阳澄湖,3A,苏州·昆山市,昆山市,500,10,4.5
宝岩生态观光园,,苏州·虞山,虞山,28,23,5.0
苏州塔高海洋萌宠馆,,苏州·吴江区,吴江区,49,168,5.0
阳澄湖莲花岛,,苏州·相城区,相城区,5,518,4.7
古里红豆山庄,,苏州·常熟市,常熟市,53.4,575,5.0
苏州博物馆西馆,,苏州·虎丘区,虎丘区,25,216,5.0
虹·美术馆,,苏州·工业园区,工业园区,65,53,5.0
太湖雪蚕桑文化园,,苏州·吴江区,吴江区,30,49,4.9
中国花卉植物园,,苏州·相城区,相城区,18,515,4.7
阳澄蟹村林石嘴,,苏州·昆山市,昆山市,14.9,50,5.0
西园寺,,苏州·金阊区,金阊区,9,340,5.0
苏州梦幻乐园,,苏州·吴中区,吴中区,86,484,5.0
全福讲寺,,苏州·周庄,周庄,76,187,5.0
张厅,,苏州·周庄,周庄,76,1536,4.5
沈万三故居,,苏州·周庄欢乐世界,周庄欢乐世界,78,148,4.9
水八仙生态园,,苏州·吴中区,吴中区,35,131,4.9
山塘昆曲馆,,苏州·金阊区,金阊区,28,139,4.6
太湖绿光休闲农场,,苏州·吴中区,吴中区,40,328,4.6
苏州欢乐岛,,苏州·吴中区,吴中区,59.9,259,5.0
同里珍珠塔,,苏州·同里古镇,同里古镇,76,1625,4.9
罗星洲,,苏州·同里古镇,同里古镇,68,82,4.5
古松园,,苏州·木渎古镇,木渎古镇,62,13,5.0
苏州太湖湖滨国家湿地公园,,苏州,苏州,8,234,5.0
暨阳湖欢乐世界,,苏州·张家港市,张家港市,53.8,937,4.9
重元寺,,苏州·工业园区,工业园区,15,5998,4.9
玄妙观,,苏州·平江区,平江区,7,19,4.9
SuperPark超级乐园,,苏州,苏州,158,65,5.0
苏州博物馆,,苏州·平江区,平江区,0.35,6361,4.8
华谊兄弟电影世界,,苏州·工业园区,工业园区,198,29451,5.0
东山镇,,苏州·吴中区,吴中区,27,61,5.0
东山雕花楼,,苏州·吴中区,吴中区,55,629,4.7
苏州夜游护城河,,苏州·金阊区,金阊区,99,122,5.0
万鸟园,,苏州·吴中区,吴中区,36,615,4.7
太平天国忠王府,,苏州·平江区,平江区,7,9,5.0
苏州5D星空错觉艺术馆,,苏州,苏州,40,41,5.0
双桥,,苏州·周庄已下线子景点,周庄已下线子景点,86,1078,4.5
万盛米行,,苏州·吴中区,吴中区,148,9,5.0
穹窿山景区,,苏州·吴中区,吴中区,67.2,5241,4.7
苏州民俗博物馆,,苏州·平江区,平江区,7,148,5.0
三山岛,,苏州·吴县,吴县,40,333,4.5
海昌萌宠park,,苏州·工业园区,工业园区,39,209,5.0
石公山,,苏州·太湖西山岛,太湖西山岛,44.8,1740,4.8
苏州太湖园博园,,苏州·吴中区,吴中区,15,830,4.6
大阳山景区,,苏州·大阳山国家森林公园,大阳山国家森林公园,35,190,5.0
渔洋山,,苏州·吴中区,吴中区,64,706,4.8
灵岩山,,苏州·木渎古镇,木渎古镇,1,279,4.6
苏州太湖牛仔风情度假村,,苏州·太湖西山岛,太湖西山岛,70,1045,4.6
河阳山歌馆,,苏州·张家港市,张家港市,18,103,4.6
蒙特利亲子乐园,,苏州·昆山市,昆山市,42,2238,4.9
环秀山庄,,苏州·平江区,平江区,15,70,4.9
梅沙尖,,深圳·盐田区,盐田区,0,7,5.0
尼克Playtime乐园,,深圳·南山区,南山区,0,10,5.0
打鼓嶂,,深圳·盐田区,盐田区,0,9,5.0
yealife艺术空间,,深圳·南山区,南山区,0,1,5.0
罗湖口岸,,深圳·罗湖区,罗湖区,0,1117,4.7
太皓星空天文体验馆,,深圳·南山区,南山区,0,3,5.0
葵涌坝光旅游,,深圳·龙岗区,龙岗区,0,2,5.0
倦鸟营地,,深圳·龙岗区,龙岗区,0,2,5.0
七娘山野奢露营地,,深圳,深圳,0,1,5.0
中亚5D魔幻艺术体验馆,,深圳,深圳,0,1,5.0
蛇口港珠海游轮,,深圳,深圳,0,95,5.0
华夏世嘉儿童乐园（益田假日广场店）,,深圳·南山区,南山区,0,30,4.9
千年绮华·从敦煌到高昌宝石壁画沉浸式展览,,深圳·罗湖区,罗湖区,0,2,5.0
深圳5D星空梦幻错觉艺术馆,,深圳·福田区,福田区,0,18,4.8
海上彩虹号,,深圳·宝安区,宝安区,0,35,5.0
东航游轮海上观光游,,深圳·南山区,南山区,0,36,4.1
九龙山西游记乐园,,深圳,深圳,0,1197,4.9
观澜版画村,,深圳·宝安区,宝安区,0,11,4.6
马峦山郊野公园,,深圳·龙岗区,龙岗区,0,5,4.8
深圳光明森林小镇时尚生态园,,深圳·光明区,光明区,0,1,5.0
赛格观光厅,,深圳·福田区,福田区,0,14,5.0
小梅沙海洋世界,,深圳·小梅沙,小梅沙,0,10497,4.9
西涌沙滩,,深圳·西冲,西冲,0,66,4.1
深圳3D星空艺术展怪屋,,深圳·罗湖区,罗湖区,0,96,4.9
欢乐海岸teamLab未来游乐园,,深圳·欢乐海岸,欢乐海岸,0,292,5.0
观音山公园,,深圳,深圳,0,11,4.5
深圳九龙生态园农家乐,,深圳,深圳,0,65,4.6
芬麦儿童探索博物馆FUNMAX-EXPO,,深圳·宝安区,宝安区,0,83,5.0
深圳园博园,,深圳·福田区,福田区,0,300,4.7
西冲潜水,,深圳·西冲,西冲,0,1,5.0
K1SPEED室内卡丁车俱乐部,,深圳·南山区,南山区,0,7,5.0
华强北冰雪小镇,,深圳·福田区,福田区,0,16,4.8
红树林自然保护区,,深圳·福田区,福田区,0,14,4.6
南澳旅游海滨中心,,深圳·龙岗区,龙岗区,0,1,5.0
鹤湖新居,,深圳·龙岗区,龙岗区,0,1,5.0
深圳万科浪骑游艇会,,深圳·龙岗区,龙岗区,0,6,4.5
流星谷欢乐世界,,深圳·宝安区,宝安区,0,684,4.8
海上世界梦幻水母馆,,深圳·南山区,南山区,0,39,4.7
南澳西冲枪火户外俱乐部（新区）,,深圳,深圳,0,1,4.0
南澳生态园,,深圳·龙岗区,龙岗区,0,2,4.5
深圳麦鲁小城,,深圳·南山区,南山区,0,873,4.7
大鹏美丽乡村,,深圳·龙岗区,龙岗区,0,38,5.0
甘坑小镇小凉帽V谷乐园,,深圳·龙岗区,龙岗区,0,1,5.0
小凉帽飞雪乐园,,深圳·龙岗区,龙岗区,0,3,5.0
中港通巴士深圳至香港,,深圳·南山区,南山区,0,53,4.8
深圳猪猪侠主题乐园,,深圳,深圳,0,9,4.6
深圳天空之城,,深圳·南山区,南山区,0,6,5.0
文锦渡口岸,,深圳·罗湖区,罗湖区,0,32,5.0
东冲青铜计划冲浪俱乐部,,深圳·龙岗区,龙岗区,0,2,5.0
深圳至珠海澳门直通车,,深圳·福田区,福田区,0,16,4.5
探洞工场(欢乐海岸店),,深圳·南山区,南山区,0,5,5.0
京基大厦,,深圳·罗湖区,罗湖区,0,1,5.0
顽雪ColorSnow运动生活馆,,深圳·南山区,南山区,0,2,5.0
Legend Puzzle真人密室逃脱（宝安店）,,深圳·宝安区,宝安区,0,1,5.0
四海公园,,深圳·南山区,南山区,0,2,5.0
迪可可儿童职业体验小镇,,深圳·罗湖区,罗湖区,0,1,5.0
航佳绿色生态家园度假山庄,,深圳·宝安区,宝安区,0,1,5.0
沙鱼涌,,深圳·龙岗区,龙岗区,0,2,5.0
东方神曲游乐园,,深圳·罗湖区,罗湖区,0,1,5.0
红栏休闲油画沙龙（南山华彩画场）,,深圳·南山区,南山区,0,1,5.0
印象刘三姐,,桂林·阳朔县,阳朔县,200,21755,4.5
五排河漂流,,桂林·资源县,资源县,235,34,4.4
兴坪弯寨山地车俱乐部,,桂林·阳朔县,阳朔县,238,2,5.0
金水岩,,桂林·阳朔县,阳朔县,90,1082,4.3
华江漓源瀑布,,桂林·兴安县,兴安县,40,5,4.2
刘三姐水上公园,,桂林·阳朔县,阳朔县,75,70,4.3
阳朔直升机空中游览,,桂林·阳朔县,阳朔县,388,43,5.0
中心广场,,桂林·秀峰区,秀峰区,28,88,4.1
榕湖和杉湖,,桂林·秀峰区,秀峰区,7,176,4.0
草坪乡,,桂林·雁山区,雁山区,90,30,4.3
龙胜仙龟谷全地形沙滩越野车基地,,桂林·龙胜县,龙胜县,288,2,5.0
阳朔燕莎航空运动营地,,桂林·阳朔县,阳朔县,290,2,5.0
观石堂鸡血玉博物馆,,桂林·秀峰区,秀峰区,680,1,5.0
漓江四星级游船,,桂林·漓江风景区,漓江风景区,320,3535,4.8
正阳步行街,,桂林·秀峰区,秀峰区,28,237,3.9
炎井温泉,,桂林·全州县,全州县,60,4,3.8
龙门瀑布,,桂林·灵川县,灵川县,15.8,18,3.6
逍遥楼遗址,,桂林·秀峰区,秀峰区,396,24,5.0
马岭鼓寨,,桂林·荔浦县,荔浦县,399,772,4.9
月亮水岩,,桂林·阳朔,阳朔,468,3,5.0
桂林融创壮美漓歌,,桂林·桂林融创国际旅游度假区,桂林融创国际旅游度假区,399,9,4.7
月岭古民居,,桂林·灌阳县,灌阳县,9,10,2.6
愚自乐园,,桂林·雁山区,雁山区,9,,
阳朔山水遇农园景区,,桂林·阳朔县,阳朔县,19.9,,
红顶花园,,桂林·雁山区,雁山区,28,,
桂林海之鑫洞藏文化馆,,桂林·叠彩区,叠彩区,40,,
神兽·羊驼主题馆（临桂吾悦广场店）,,桂林·临桂区,临桂区,49,,
兴坪燕豪航空基地,,桂林·阳朔县,阳朔县,115,,
高洲金龙湾休闲园,,桂林·阳朔,阳朔,208,,
壹路野星空营地,,桂林·阳朔县,阳朔县,228,,
飞越云端惊喜乐园,,桂林·阳朔县,阳朔县,268,,
花仙谷马场,,桂林·阳朔县,阳朔县,270,,
天行热气球自由飞基地,,桂林·阳朔县,阳朔县,1550,,
穿山公园,4A,桂林·七星区,七星区,0,816,4.9
图腾古道,4A,桂林·阳朔县,阳朔县,0,1962,4.3
象鼻山景区,5A,桂林·象山区,象山区,0,38621,4.6
罗山湖水上乐园,4A,桂林·临桂区,临桂区,0,2309,4.7
红军长征突破湘江烈士纪念碑园,4A,桂林·兴安县,兴安县,0,22,5.0
旧县村,,桂林·阳朔县,阳朔县,0,39,5.0
帝景号游轮,,桂林·七星区,七星区,0,77,4.9
龙脊峡漂流,,桂林·龙胜县,龙胜县,0,235,4.7
永福温泉,,桂林·桂林金钟山,桂林金钟山,0,368,4.8
桂林金银寨景区,3A,桂林·雁山区,雁山区,0,1,5.0
桂林美术馆,,桂林,桂林,0,18,5.0
桂林丹霞温泉度假景区,,桂林·资源县,资源县,0,66,4.5
遇龙河漂流兴隆码头,,桂林·遇龙河,遇龙河,0,74,5.0
金龙桥,,桂林·阳朔县,阳朔县,0,161,5.0
龙脊金江河漂流,,桂林·龙胜县,龙胜县,0,6,5.0
遇龙河漂流夏棠码头,,桂林·遇龙河,遇龙河,0,47,5.0
阳朔梵高星空艺术馆（益田西街旗舰店）,,桂林·阳朔县,阳朔县,0,6,5.0
翠屏五指山,,桂林·阳朔县,阳朔县,0,6,5.0
桂林融创水世界,,桂林·桂林融创国际旅游度假区,桂林融创国际旅游度假区,0,1700,5.0
九龙五虎观景点,,桂林·龙脊梯田,龙脊梯田,0,8,5.0
平安寨,,桂林·龙胜县,龙胜县,0,226,5.0
莫一奇峰,,桂林·阳朔县,阳朔县,0,4,5.0
桂海晴岚热气球飞行体验,,桂林·七星区,七星区,0,1,5.0
海洋银杏,,桂林·灵川县,灵川县,0,30,4.9
侗情水庄景区,,桂林·象山区,象山区,0,64,4.8
桂林天湖-冰雪世界滑雪场,,桂林·全州县,全州县,0,508,5.0
杨堤烟雨,,桂林·阳朔县,阳朔县,0,230,5.0
龙岗客家民俗博物馆,,深圳·龙岗区,龙岗区,7,,
聚龙山生态公园,,深圳·龙岗区,龙岗区,7,,
云海山庄,,深圳·龙岗区,龙岗区,7,,
景蜜村公园,,深圳·福田区,福田区,7,,
罗田森林公园,,深圳·宝安区,宝安区,7,,
皇岗公园,,深圳·福田区,福田区,7,,
翠竹公园,,深圳·罗湖区,罗湖区,7,,
大沙河公园,,深圳·南山区,南山区,7,,
荔香公园,,深圳·南山区,南山区,7,,
东涌海滩,,深圳,深圳,65,,
海语沙林团建营地,,深圳,深圳,68,,
深圳不可思议运动街区,,深圳,深圳,98,,
东部通航直升机飞行体验基地（大中华店）,,深圳·福田区,福田区,11520,,
深圳花海间,,深圳,深圳,138,,
那片海海景野炊园露营地,,深圳·龙岗区,龙岗区,138,,
南澳七娘山飞虎越野车基地,,深圳·龙岗区,龙岗区,158,,
teamLab共创！未来园,,深圳·福田区,福田区,158,,
南澳一沙滩,,深圳,深圳,198,,
伶仃洋,,深圳,深圳,216,,
源野探索乐园,,深圳·龙华新区,龙华新区,330,,
新天地农场,,深圳·龙岗区,龙岗区,398,,
深圳坝光海上跳伞基地,,深圳·龙岗区,龙岗区,5690,,
倦鸟营地领域1号店,,深圳·龙岗区,龙岗区,980,,
弘法寺,,深圳·罗湖区,罗湖区,0,141,4.9
文博宫,,深圳·龙岗区,龙岗区,0,32,5.0
Ace Lab 国潮馆,,深圳·南山区,南山区,0,4,5.0
梧桐山,,深圳·罗湖区,罗湖区,0,139,5.0
中信金沙湾儿童世界,,深圳,深圳,0,28,5.0
小泥巴营地,,深圳·龙岗区,龙岗区,0,39,5.0
大华兴寺,,深圳·东部华侨城已下线子景点,东部华侨城已下线子景点,0,158,5.0
海上世界文化艺术中心,,深圳·南山区,南山区,0,54,5.0
东部华侨城茶溪谷,,深圳·东部华侨城,东部华侨城,0,9350,4.7
皇岗口岸,,深圳·福田区,福田区,0,255,4.7
欢乐海岸SOLOpro拓极水运动,,深圳·欢乐海岸,欢乐海岸,0,197,4.9
深圳湾口岸,,深圳·南山区,南山区,0,435,4.8
深圳失恋博物馆（世界之窗旗舰店）,,深圳·南山区,南山区,0,16,5.0
柚柑湾度假村,,深圳,深圳,0,192,4.5
杨梅坑,,深圳·龙岗区,龙岗区,0,1180,4.7
观澜山水田园水上乐园,,深圳·观澜山水田园旅游文化园,观澜山水田园旅游文化园,0,2948,4.9
南澳潜水,,深圳,深圳,0,12,4.8
Skyland未来科技馆,,深圳·福田区,福田区,0,240,4.9
大梦探索乐园,,深圳·龙岗区,龙岗区,0,907,5.0
莲花山公园,,深圳·福田区,福田区,0,18,4.9
九龙山花仙谷,,深圳·龙华新区,龙华新区,0,2,5.0
赤湾胜概,,深圳·罗湖区,罗湖区,0,2,5.0
小凉帽农场,,深圳,深圳,0,49,5.0
南澳,,深圳·宝安区,宝安区,0,14,5.0
茱莉动物乐园（宝安大仟里店）,,深圳·宝安区,宝安区,0,40,5.0
福田口岸,,深圳·福田区,福田区,0,713,4.6
欢乐干线,,深圳·深圳欢乐谷,深圳欢乐谷,0,148,4.5
深圳少年科学创新体验馆,,深圳·福田区,福田区,0,5,5.0
深圳失恋博物馆（再见前任总店）,,深圳·罗湖区,罗湖区,0,211,5.0
内伶仃福田保护区,,深圳·福田区,福田区,0,17,5.0
大梅沙海滩,,深圳·盐田区,盐田区,0,10,5.0
西冲海滨旅游度假区,,深圳·龙岗区,龙岗区,0,38,5.0
星高度梦想水世界,,深圳·龙岗区,龙岗区,0,92,4.9
深圳粤港澳大湾区国际车展,,深圳·福田区,福田区,0,23,5.0
中信金沙湾水世界,,深圳,深圳,0,1006,5.0
中国航天文创CASCI官方艺术特展《漫无边界》,,深圳·南山区,南山区,0,1,5.0
木星美术馆,,深圳·福田区,福田区,0,2,5.0
蜈支洲岛潜水,,三亚·海棠区,海棠区,140,264,5.0
海棠湾,,三亚·海棠区,海棠区,140,10808,4.5
情人桥,,三亚·三亚蜈支洲岛旅游区,三亚蜈支洲岛旅游区,140,14,5.0
三亚美高梅度假酒店,,三亚·亚龙湾,亚龙湾,2779,29,5.0
亚龙湾海底世界,,三亚·亚龙湾,亚龙湾,130,7412,4.7
正手浪尾波冲浪俱乐部（半山半岛店）,,三亚·吉阳区,吉阳区,799,2,5.0
三亚湾,,三亚,三亚,1800,8881,4.5
海豚游艇渔家海钓,,三亚·吉阳区,吉阳区,155,12,5.0
亚龙湾滨海世界,,三亚·亚龙湾,亚龙湾,88,1088,4.6
亚特兰蒂斯海豚小岛,,三亚·三亚亚特兰蒂斯度假区,三亚亚特兰蒂斯度假区,188,86,4.9
三亚海棠湾免税购物中心,,三亚·亚龙湾,亚龙湾,200,1723,4.9
永乐号郑和宝船夜游三亚湾,,三亚,三亚,128,107,4.7
后海村,,三亚,三亚,188,192,4.9
小猫钓鱼海钓俱乐部,,三亚·天涯区,天涯区,168,25,5.0
小东海,,三亚,三亚,189.5,537,4.8
嗨酷蹦床公园,,三亚,三亚,68,9,4.6
亚龙通航直升机体验（海棠湾费尔蒙酒店基地）,,三亚,三亚,198,55,4.9
三亚游艇出海,,三亚,三亚,198,843,4.9
三亚鸿洲国际游艇会,,三亚,三亚,158,465,4.7
三亚俏江南游艇海钓俱乐部,,三亚,三亚,188,1,5.0
摩托艇,,三亚,三亚,190,1,5.0
九级浪尾波冲浪俱乐部,,三亚·吉阳区,吉阳区,738,3,5.0
三亚生态内河游鹿回头码头,,三亚,三亚,238,28,5.0
亚特游艇俱乐部,,三亚,三亚,90,16,4.6
大东海潜水,,三亚·大东海,大东海,198,4,5.0
三亚澜海海钓俱乐部,,三亚·吉阳区,吉阳区,198,8,5.0
大飞鱼,,三亚,三亚,210,1,5.0
亚龙湾潜咖潜水运动中心,,三亚,三亚,328,78,5.0
凤凰岛玩家帆船,,三亚·三亚凤凰岛,三亚凤凰岛,168,391,4.5
浪里白条尾波冲浪俱乐部,,三亚·吉阳区,吉阳区,1062,1,5.0
东岛,,三亚,三亚,128,129,4.3
三亚帆船出海体验,,三亚·三亚湾,三亚湾,130,230,4.3
凤凰岛尾波冲浪基地,,三亚·天涯区,天涯区,898,4,5.0
三亚亚特兰蒂斯C秀,,三亚·三亚亚特兰蒂斯度假区,三亚亚特兰蒂斯度假区,285,3912,4.9
亚龙湾远海潜水,,三亚·亚龙湾,亚龙湾,388,421,4.9
椰林骑士山地越野俱乐部,,三亚·崖州区,崖州区,318,1,5.0
彩虹拖伞,,三亚·海棠区,海棠区,330,1,5.0
亚龙湾爱琴海潜水度假村,,三亚·亚龙湾,亚龙湾,346.5,427,4.5
三亚海棠湾红树林酒店直升机飞行基地,,三亚·海棠区,海棠区,500,7,5.0
亚龙通航直升机体验（凤凰岛基地）,,三亚,三亚,500,179,5.0
伯嘉游艇出海俱乐部,,三亚,三亚,1280,4,5.0
艇嗨游艇租赁俱乐部,,三亚·海棠湾,海棠湾,1988,49,4.6
四海通游艇俱乐部,,三亚,三亚,888,1,5.0
SHAKA SURF沙卡冲浪(后海店),,三亚·海棠区,海棠区,428,5,5.0
蓝夫冲浪俱乐部,,三亚·海棠区,海棠区,470,4,5.0
流浪者冲浪俱乐部,,三亚,三亚,480,1,5.0
亚特兰蒂斯海洋世界迷你营,,三亚·海棠区,海棠区,598,3,5.0
亚龙湾铂尔曼左岸西餐厅,,三亚·亚龙湾,亚龙湾,2099,10,5.0
三亚椰子岛,,三亚·海棠湾,海棠湾,368,2,4.5
三亚内河游,,三亚,三亚,498,188,4.7
亚龙湾中心广场,,三亚·亚龙湾,亚龙湾,385,390,4.3
三亚唐拉雅秀酒店池畔餐厅,,三亚·三亚湾,三亚湾,1499,2,3.5
三亚盛世天池汤泉,,三亚·吉阳区,吉阳区,49,,
情人湾,,三亚,三亚,50,,
一浪尾波冲浪游艇潜水俱乐部,,三亚,三亚,1280,,
三亚蓝峰游艇海钓俱乐部,,三亚·吉阳区,吉阳区,88,,
佳潜潜水水下摄影俱乐部,,三亚·海棠区,海棠区,100,,
禾冲浪俱乐部,,三亚·海棠区,海棠区,100,,
三亚水宴汤泉,,三亚·天涯区,天涯区,109,,
凤凰岛帆船中心,,三亚·天涯区,天涯区,128,,
梦幻新安江,,杭州·建德市,建德市,78.5,20,5.0
天目溪漂流,,杭州·桐庐县,桐庐县,59,519,4.7
浙江自然博物馆,,杭州·西湖区,西湖区,168,73,4.9
萧山云石滑翔伞基地,,杭州·萧山区,萧山区,780,4,5.0
城隍阁,,杭州·西湖,西湖,30,1429,4.7
杭州青龙峡漂流探险景区,,杭州·富阳区,富阳区,628,43,4.9
桐洲岛,,杭州·富阳区,富阳区,88,2,5.0
千岛湖自然博物馆,,杭州·千岛湖,千岛湖,35,11,4.8
三潭印月,,杭州·西湖,西湖,2.9,2620,4.5
新安江龙舟漂游,,杭州·建德市,建德市,100,167,4.5
龙山岛,,杭州·千岛湖已下线子景点,千岛湖已下线子景点,185,287,5.0
浙江杭州丽水羊上滑翔伞飞行体验中心,,杭州,杭州,100,1,5.0
建德千岛湖通用机场,,杭州·建德市,建德市,500,2,5.0
云之谷温泉庄园,,杭州·富阳区,富阳区,98,6,5.0
星野牧歌,,杭州,杭州,98,2,5.0
小河直街历史文化街区,,杭州·拱墅区,拱墅区,99,9,5.0
meland Club(印力汇德隆杭州奥体印象城店),,杭州·萧山区,萧山区,100,24,5.0
萧山杜家村杨梅采摘基地,,杭州·萧山区,萧山区,100,1,5.0
永安山户外拓展,,杭州·富阳区,富阳区,100,1,5.0
西湖音乐喷泉,,杭州·西湖区,西湖区,45,32,4.6
天池岛,,杭州·千岛湖已下线子景点,千岛湖已下线子景点,185,28,4.9
千岛湖钓鱼岛,,杭州·千岛湖,千岛湖,98,387,4.9
乐堤港Pokiddo口袋屋运动工场,,杭州·拱墅区,拱墅区,109,12,5.0
杭州运河夜游,,杭州·京杭大运河,京杭大运河,110,31,5.0
千岛湖林海归真（千岛湖秘境）,,杭州·千岛湖,千岛湖,35,241,4.6
杭州开元森泊恒温水乐园,,杭州·萧山区,萧山区,146,3959,4.9
万松书院,,杭州·西湖,西湖,10,193,4.4
千岛湖天迹热气球,,杭州·千岛湖,千岛湖,298,530,4.9
九溪十八涧,,杭州·西湖区,西湖区,9,12,4.2
如梦上塘,,杭州·拱墅区,拱墅区,160,239,5.0
千岛湖中心湖,,杭州·千岛湖,千岛湖,108,10875,4.7
瑞晶石花洞,,杭州·临安市,临安市,62.5,367,4.5
千岛湖进贤湾水上乐园豪华观光游船,,杭州·淳安县,淳安县,100,14,4.9
杭州阿里体育运动玩乐园,,杭州·江干区,江干区,128,10,5.0
新安江景区《江清月近人》实景演艺,,杭州·建德市,建德市,226,209,5.0
密山岛,,杭州·千岛湖,千岛湖,185,76,5.0
钱塘江夜游,,杭州·京杭大运河,京杭大运河,122,1625,4.8
京杭大运河游船,,杭州,杭州,110,79,4.9
河坊街,,杭州·上城区,上城区,7,26,4.5
西径山,,杭州·临安市,临安市,30,136,4.4
萧山,,杭州·萧山区,萧山区,100,5,4.8
浙西天池,,杭州·临安市,临安市,7,61,4.2
琴溪香谷,,杭州·桐庐县,桐庐县,45,116,4.1
《今夕共西溪》演出,,杭州·余杭区,余杭区,194.2,155,5.0
千岛湖希尔顿水上乐园,,杭州·淳安县,淳安县,159,12,5.0
梦姑塘文化公园,,杭州·淳安县,淳安县,228,2057,5.0
雪极星城市滑雪中心,,杭州,杭州,168,24,5.0
千岛湖爱萌星球•萌宠体验游乐园,,杭州·淳安县,淳安县,168,3,5.0
九溪烟树,,杭州·西湖已下线子景点,西湖已下线子景点,168,1,5.0
千岛湖逐浪者水上运动俱乐部,,杭州·千岛湖,千岛湖,168,7,5.0
印象西湖直通车,,杭州·印象西湖,印象西湖,340,209,5.0
南屏晚钟,,杭州·西湖,西湖,46.1,4,4.5
钱塘江夜游（武林门码头）,,杭州·下城区,下城区,187,43,5.0
钱塘江夜游（香积寺码头）,,杭州·拱墅区,拱墅区,187,7,5.0
印象西湖,,杭州·西湖,西湖,288,13824,4.9
杭州长乔吉泡泡乐园,,杭州·萧山区,萧山区,1188,13,5.0
黄山尖,,杭州·千岛湖已下线子景点,千岛湖已下线子景点,185,430,4.6
湍口众安氡温泉,,杭州·临安市,临安市,198,1874,4.8
吴山夜市,,杭州·上城区,上城区,30,7,4.3
千岛湖中心湖区休闲艇,,杭州·千岛湖,千岛湖,228,411,5.0
龙井问茶,,杭州·西湖已下线子景点,西湖已下线子景点,10,2,5.0
浙江省博物馆孤山馆区,,杭州·西湖区,西湖区,4.8,6,5.0
浪漫樱花谷,,杭州·余杭区,余杭区,19.9,17,5.0
浙江革命烈士纪念馆,,杭州·西湖区,西湖区,7,1,5.0
东吴文化公园,,杭州·富阳区,富阳区,7,1,5.0
飞越浙江（杭州乐园旗舰店）,,杭州·萧山区,萧山区,49.9,95,5.0
千岛湖植物园,,杭州·淳安县,淳安县,30,106,5.0
奇幻颠倒馆,,杭州·拱墅区,拱墅区,9.9,1,5.0
虎跑公园,,杭州·西湖,西湖,15,1464,4.5
天目大峡谷,,杭州·临安市,临安市,78,966,4.7
大华书场,,杭州,杭州,15,10,5.0
杭州岳王庙,,杭州·西湖,西湖,25,4198,4.8
千岛湖森林氧吧,,杭州·千岛湖,千岛湖,40,3598,4.7
沪马探险乐园,,杭州·淳安县,淳安县,260,363,5.0
千岛湖鱼博馆,,杭州·千岛湖,千岛湖,1599,2,5.0
超级格乐利雅粉红城堡&艺匠ARTIZLAND展览馆,,杭州·萧山区,萧山区,20,45,5.0
莫干花谷山地运动公园,,杭州·余杭区,余杭区,19.9,2,5.0
龙川湾,,杭州·千岛湖,千岛湖,94,485,4.7
Do都城,,杭州·江干区,江干区,108,2620,4.9
千岛湖游船,,杭州·千岛湖,千岛湖,228,404,4.9
灵山幻境,,杭州·西湖区,西湖区,87,540,4.7
孤山,,杭州·西湖区,西湖区,6,12,4.9
钱王祠,,杭州·西湖,西湖,15,149,4.7
千岛湖水之灵演出,,杭州·千岛湖,千岛湖,180,1781,4.8
郭庄,,杭州·西湖区,西湖区,10,327,4.4
千岛湖城中湖休闲游,,杭州·千岛湖,千岛湖,80,102,4.9
千岛湖好奇探险乐园,,杭州·淳安县,淳安县,40,3,5.0
杭州开元森泊度假乐园,,杭州·萧山区,萧山区,60,176,5.0
杭州江和美海洋公园,,杭州,杭州,150,1989,5.0
千岛湖“月光之恋”光影艺术夜游,,杭州·淳安县,淳安县,168,153,5.0
杭州烂苹果乐园,,杭州·萧山区,萧山区,140,10479,4.9
新沙岛玫瑰园,,杭州·富阳区,富阳区,39.9,16,5.0
滨江天街四个二喜剧空间,,杭州,杭州,39.9,3,5.0
杭州白塔公园,,杭州·上城区,上城区,10,115,4.5
径山小古城村景区,,杭州·余杭区,余杭区,44,6,5.0
千岛湖桂花岛,,杭州·千岛湖,千岛湖,90,123,4.5
天目里美术馆,,杭州·西湖区,西湖区,45,20,5.0
杭州黄龙洞,,杭州·西湖区,西湖区,15,918,4.8
千岛湖红叶湾水上乐园,,杭州·淳安县,淳安县,50,19,5.0
钱塘江,,杭州·萧山区,萧山区,680,1179,5.0
杭州独角兽星空艺术馆（湖滨银泰in77旗舰店）,,杭州·上城区,上城区,49.9,17,5.0
杭州悬空玻璃艺术馆,,杭州·上城区,上城区,49.9,11,5.0
千岛鲁能胜地格林7号乐园,,杭州·淳安县,淳安县,50,1,5.0
钱塘江夜游钱印号游轮,,杭州·滨江区,滨江区,122,289,5.0
中国滑翔伞训练基地,,杭州·富阳区,富阳区,100,410,4.2
新联航空科普中心,,杭州·建德市,建德市,128,14,5.0
OMG心跳乐园,,杭州·桐庐县,桐庐县,100,2433,5.0
桐庐生仙里风景区,,杭州·桐庐县,桐庐县,88,31,5.0
杭州脱单便利店,,杭州,杭州,59,1,5.0
松果脱口秀,,杭州·上城区,上城区,99,25,5.0
花港观鱼,,杭州·西湖,西湖,45,3880,4.9
瑶琳国家森林公园,,杭州·桐庐县,桐庐县,58,273,4.9
杭州国际博览中心（G20峰会体验馆）,,杭州·萧山区,萧山区,90,1697,4.9
好运岛,,杭州·建德市,建德市,75,66,3.8
彩虹谷,,杭州·余杭区,余杭区,34.7,89,4.3
禅源寺,,杭州·天目山,天目山,105,213,4.6
玉皇山,,杭州·西湖,西湖,10,237,4.3
桐庐天溪谷景区,,杭州·桐庐县,桐庐县,69.9,1,5.0
千岛湖伯爵号豪华游轮,,杭州·千岛湖,千岛湖,320,276,4.7
钱塘江大桥,,杭州·西湖区,西湖区,122,505,4.9
桂林博物馆,,桂林,桂林,7,3,5.0
桂林融创海世界,,桂林·桂林融创国际旅游度假区,桂林融创国际旅游度假区,178,2697,5.0
漓江源峡谷,,桂林·兴安县,兴安县,35,707,5.0
聚龙潭奇石宫,,桂林·阳朔县,阳朔县,55,169,4.9
黄洛瑶寨,,桂林·龙胜县,龙胜县,65,3068,5.0
龙颈河漂流,,桂林·阳朔县,阳朔县,120,2728,4.8
金佛顶观景点,,桂林·金坑大寨,金坑大寨,65,3668,5.0
相公山,,桂林·阳朔县,阳朔县,77,3466,4.9
燕莎滑翔伞飞行,,桂林·阳朔县,阳朔县,365,7,5.0
古渔村,,桂林·阳朔县,阳朔县,75,69,5.0
阳朔如意峰,,桂林·阳朔县,阳朔县,130,2917,5.0
日月双塔,,桂林·象山区,象山区,28,232,5.0
桂林动物园,,桂林·七星区,七星区,48,735,4.6
银水侗寨,,桂林·龙胜县,龙胜县,7,1,5.0
黄布倒影,,桂林·阳朔县,阳朔县,58,3040,5.0
阳朔香草森林,,桂林·阳朔,阳朔,18,1,5.0
工农桥,,桂林·阳朔县,阳朔县,65,862,5.0
阳朔十里画廊,,桂林·阳朔县,阳朔县,21,6090,4.6
广福山景区,,桂林·临桂区,临桂区,16,12,5.0
桂林市区水上游,,桂林·漓江风景区,漓江风景区,90,557,4.7
黄沙秘境大峡谷,,桂林·临桂区,临桂区,29.5,11,5.0
龙胜平安壮寨,,桂林·龙胜县,龙胜县,1980,446,5.0
阳朔文化古迹山水园,,桂林·阳朔县,阳朔县,20,418,4.7
地球记忆·陨石奇观博物馆,,桂林·荔浦县,荔浦县,26,33,5.0
桂林军博园,,桂林·雁山区,雁山区,29.9,5,5.0
永福岩,,桂林·桂林金钟山,桂林金钟山,29.9,144,4.5
展卓通用航空阳朔基地,,桂林·阳朔,阳朔,370,2,5.0
东西巷,,桂林·秀峰区,秀峰区,50,11,5.0
九马画山,,桂林·阳朔县,阳朔县,58,2558,4.7
日月双塔文化公园,,桂林·榕湖和杉湖,榕湖和杉湖,28,1994,4.4
遇龙河漂流朝阳码头,,桂林·遇龙河,遇龙河,955,133,4.8
漓江竹筏游,,桂林·阳朔县,阳朔县,90,3230,4.9
桂林酷客部落,,桂林·叠彩区,叠彩区,48,3,5.0
猫咪博物馆（临桂吾悦广场店）,,桂林,桂林,49,2,5.0
义江缘,,桂林·临桂区,临桂区,9,88,4.5
兴坪古镇,,桂林·阳朔县,阳朔县,90,2595,4.8
桂林希宇欢乐城,,桂林·灵川县,灵川县,7,20,4.7
金坑梯田,,桂林·龙胜县,龙胜县,65,776,5.0
二十元人民币背景图,,桂林·阳朔县,阳朔县,65,164,5.0
少数民族观光古寨,,桂林·秀峰区,秀峰区,78,261,5.0
兴坪渔村,,桂林·阳朔县,阳朔县,65,1176,4.9
兴坪古戏台,,桂林·阳朔县,阳朔县,65,76,5.0
漓江精华游,,桂林·阳朔县,阳朔县,90,642,5.0
阳朔大榕树,,桂林·阳朔县,阳朔县,21,4731,4.6
古风博物院,,桂林·阳朔县,阳朔县,90,1,5.0
一江四湖,,桂林·七星区,七星区,82,1038,4.8
漓江竹筏杨堤-九马画山-杨堤,,桂林·漓江风景区,漓江风景区,65,1436,4.6
漓江【盛景号】游轮,,桂林·灵川县,灵川县,500,208,4.8
木龙湖,,桂林·叠彩区,叠彩区,32,1010,4.4
富里桥,,桂林·阳朔县,阳朔县,130,255,4.7
骆驼山,,桂林·七星景区,七星景区,75,110,4.7
仙家温泉,,桂林·平乐县,平乐县,80,171,4.6
桂林七星岩,,桂林·七星景区,七星景区,48.8,887,4.4
阳朔聚龙潭,,桂林·阳朔县,阳朔县,53,2646,4.4
漓江三星级游船,,桂林·漓江风景区,漓江风景区,215,5394,4.9
桂林靖江王陵,,桂林·叠彩区,叠彩区,28,79,4.1
昂赛飞拉达攀岩基地,,桂林·阳朔县,阳朔县,228,44,4.9
杨堤,,桂林·阳朔县,阳朔县,180,2146,4.7
虞山公园,,桂林·叠彩区,叠彩区,12.9,239,4.0
侗家古寨,,桂林·雁山区,雁山区,7,6,4.3
黄龙吐翠,,杭州·西湖,西湖,7,98,4.9
金沙戏水,,杭州·萧山区,萧山区,39,154,5.0
千岛湖燃擎·卡丁车俱乐部,,杭州,杭州,58,352,5.0
野古虫出没,,杭州·余杭区,余杭区,19.9,18,5.0
十门峡,,杭州·临安市,临安市,24,250,4.0
西溪湿地印象摇橹船,,杭州·西溪湿地（周家村入口）,西溪湿地（周家村入口）,198,135,4.9
三清园户外运动公园,,杭州·萧山区,萧山区,158,34,5.0
青山湖,,杭州·临安市,临安市,15,613,4.3
天都公园,,杭州·余杭区,余杭区,35,118,5.0
千岛湖豪华休闲游,,杭州·千岛湖,千岛湖,320,255,5.0
上天竺法喜讲寺,,杭州·西湖区,西湖区,7,31,5.0
梅峰揽胜,,杭州·千岛湖,千岛湖,185,2157,5.0
神龙川,,杭州·临安市,临安市,51.8,251,4.3
奈尔宝家庭中心（星光旗舰店）,,杭州·滨江区,滨江区,99,120,5.0
白云源,,杭州·桐庐县,桐庐县,65,822,4.4
千岛湖进贤湾休闲观光豪华游艇,,杭州·淳安县,淳安县,188,551,5.0
MountainGame风之谷,,杭州·临安市,临安市,48,678,5.0
千岛湖进贤湾水上乐园,,杭州·淳安县,淳安县,188,233,4.9
杭州奇境冰雪世界,,杭州·西湖区,西湖区,59,81,5.0
杭州动物园,,杭州·西湖区,西湖区,20,12172,4.9
梵高星空艺术展,,杭州·滨江区,滨江区,39.9,70,5.0
慧因高丽寺,,杭州·西湖区,西湖区,7,91,4.5
江南大冰洞,,杭州·建德市,建德市,82,150,4.7
农夫山泉（淳安茶园）工厂,,杭州·千岛湖,千岛湖,699,156,4.5
生仙里竹溪探险乐园,,杭州·桐庐县,桐庐县,88,23,5.0
辛巴达海洋乐园,,杭州·余杭区,余杭区,1,122,5.0
九咆界,,杭州·千岛湖,千岛湖,78,176,4.2
白水涧,,杭州·临安市,临安市,49,368,4.2
杭州樱花园,,杭州,杭州,19.9,97,5.0
物种起园•happy农场,,杭州·余杭区,余杭区,30,13,5.0
苏堤春晓,,杭州·西湖,西湖,45,879,4.9
杭州小六石欢乐园,,杭州,杭州,108,25,5.0
凤煌乐园,,杭州·萧山区,萧山区,1188,25,5.0
山里人家,,杭州·萧山,萧山,19.9,367,5.0
杭州少年儿童公园,,杭州·西湖,西湖,15,359,4.6
胡雪岩故居,,杭州·西湖,西湖,20,7473,4.9
杭州长乔亲子乐园,,杭州·萧山区,萧山区,109,168,5.0
大奇山魔幻乐园,,杭州·桐庐县,桐庐县,59.9,60,5.0
清河坊,4A,杭州·上城区,上城区,30,19,2.8
杭州植物园,,杭州·西湖区,西湖区,10,1583,4.7
杭州新沙岛,,杭州·富阳区,富阳区,68,131,3.9
灵隐飞来峰景区,,杭州·西湖,西湖,45,28949,4.9
富春江,,杭州·桐庐县,桐庐县,499,168,4.9
千岛湖啤酒博物院,,杭州·淳安县,淳安县,85,433,4.9
向往的乐园,,杭州·桐庐县,桐庐县,55,6,5.0
多乐岛蹦床公园杭州馆,,杭州·江干区,江干区,139,399,5.0
千岛湖梦之岛乐园,,杭州·淳安县,淳安县,79,22,5.0
杭州酷嗒动物文化乐园,,杭州·余杭区,余杭区,88,75,5.0
西湖游船,,杭州·西湖,西湖,45,8507,5.0
千岛湖龙晨拓展水搏乐园,,杭州·淳安县,淳安县,40,22,5.0
杭州开元森泊幻想岛,,杭州·萧山区,萧山区,60,303,5.0
云栖竹径,,杭州·西湖,西湖,7,1401,4.7
千岛湖天屿,,杭州·淳安县,淳安县,30,2420,5.0
六和塔,,杭州·西湖,西湖,10,2342,4.6
通天飞瀑,,杭州·富阳区,富阳区,75,106,4.3
西湖-断桥残雪,,杭州·西湖,西湖,25,405,5.0
西溪湿地高庄,,杭州·西湖区,西湖区,168,283,5.0
杭州博物馆,,杭州·上城区,上城区,680,77,5.0
千岛乐新潮运动俱乐部,,杭州·千岛湖,千岛湖,158,200,5.0
千岛湖高空跳伞,,杭州·建德市,建德市,2580,38,4.9
