brand,price,tags
吉利汽车,10.58,超值_0过户
别克,12.00,
丰田,10.00,超值_0过户
日产,6.60,超值_0过户
马自达,15.58,超值_里程少_0过户
宝马,27.18,超值
福特,5.00,
别克,9.28,超值_0过户
现代,8.00,超值_急售_0过户
奔驰,17.50,超值_急售_0过户
丰田,15.50,超值_急售_0过户
日产,8.00,超值_急售_0过户
比亚迪,1.88,超值_急售_0过户
五菱汽车,1.68,超值_急售_0过户
奔驰,17.00,0过户
别克,15.68,超值_急售_0过户
五菱汽车,2.80,超值_急售_里程少_0过户
斯柯达,11.80,超值_急售_0过户
大众,1.50,超值_急售
大众,2.70,超值_急售
马自达,2.60,超值_急售
雪佛兰,3.50,超值_急售_0过户
马自达,2.88,超值_急售
奔腾,5.50,超值_急售_0过户
特斯拉,32.50,超值_0过户
别克,1.98,超值_急售_0过户
起亚,7.70,超值_0过户
五菱汽车,2.00,超值_急售_0过户
路虎,54.00,0过户
丰田,17.50,超值_急售_0过户
沃尔沃,8.88,超值_急售
奔驰,14.78,超值
宝马,32.00,0过户
大众,9.98,超值
丰田,99.80,超值_急售_准新车_0过户
福特,8.30,急售_0过户
大众,9.50,0过户
丰田,3.98,超值_急售_0过户
五菱汽车,3.78,超值_0过户
大众,13.50,0过户
奥迪,10.60,0过户
长安,5.98,超值_急售_0过户
别克,12.00,
大众,2.50,超值_0过户
奥迪,14.50,
奥迪,16.60,超值_急售_0过户
比亚迪,1.20,超值_急售
众泰,1.88,超值_急售_0过户
大众,5.40,超值_急售
标致,6.88,超值_急售_0过户
丰田,6.90,超值_急售_0过户
smart,12.00,
长城,0.65,超值
日产,3.80,超值_急售_0过户
奥迪,35.98,超值_急售_准新车_0过户
现代,6.98,超值_急售_0过户
奥迪,11.98,0过户
依维柯,9.38,超值_急售_里程少_0过户
大众,15.80,超值_里程少_0过户
铃木,0.90,0过户
本田,16.80,超值_0过户
保时捷,55.00,超值_急售_准新车
宝骏,0.55,超值
丰田,7.50,0过户
长安,6.98,超值_急售_0过户
大众,11.00,0过户
奔驰,9.98,超值_急售
宝马,5.88,超值
福特,3.20,0过户
本田,22.00,超值_急售_0过户
三菱,5.90,超值_急售_0过户
比亚迪,1.50,超值_急售_0过户
大众,15.60,超值_急售
奔驰,26.98,超值_0过户
名爵,5.48,超值_0过户
福特,29.98,超值_急售_0过户
起亚,9.90,0过户
吉利汽车,0.98,超值_急售_0过户
奔驰,75.00,超值_0过户
奥迪,23.20,超值_急售_0过户
奔驰,75.00,超值_急售_0过户
别克,2.58,超值
马自达,6.98,超值_急售
大众,35.00,
福特,4.58,超值_0过户
东风风行,3.58,超值_0过户
吉利汽车,6.08,超值_急售_准新车_0过户
标致,4.50,超值_急售
奥迪,14.98,超值_急售_0过户
起亚,6.98,超值_急售_0过户
猎豹汽车,5.98,超值_急售_0过户
日产,4.38,超值_0过户
奥迪,29.98,超值_急售_0过户
大众,7.45,超值
大众,15.98,超值_急售_0过户
宝马,22.70,0过户
特斯拉,25.50,超值_0过户
雪佛兰,1.88,超值_急售_0过户
雪铁龙,1.68,超值_急售
日产,4.30,超值_急售
大众,2.28,超值_急售
大众,12.68,超值_急售_0过户
福特,1.20,
马自达,10.20,超值
别克,12.00,
大众,14.98,超值_急售_0过户
标致,4.90,0过户
长安,2.98,超值_急售
沃尔沃,3.60,超值_急售_0过户
马自达,8.98,超值_急售_0过户
吉利汽车,9.60,超值_急售_0过户
比亚迪,1.28,超值_急售
奔驰,28.80,超值_0过户
起亚,6.18,超值_0过户
菲亚特,4.19,超值_0过户
日产,9.40,超值_急售_准新车_0过户
马自达,13.60,0过户
英菲尼迪,23.98,超值_急售_0过户
奥迪,39.80,超值_0过户
沃尔沃,8.18,超值_急售_0过户
福特,5.00,
奔驰,11.98,超值_急售
奔腾,1.08,0过户
奔驰,27.30,超值_急售_准新车_0过户
本田,6.80,0过户
别克,14.20,超值_急售
奥迪,14.60,超值_急售_0过户
别克,6.80,超值_急售
奥迪,11.70,超值_急售_0过户
奇瑞,1.30,超值
斯柯达,5.00,超值_0过户
丰田,16.58,超值
道奇,12.00,超值_急售
奥迪,11.90,超值
现代,8.89,超值_0过户
奔驰,18.80,里程少_0过户
马自达,6.28,超值_急售_0过户
福特,1.30,超值_急售
比亚迪,0.80,超值_急售
丰田,6.60,超值_急售_0过户
斯柯达,6.88,超值_0过户
丰田,38.00,0过户
雪佛兰,6.80,超值_急售_0过户
本田,2.60,超值_急售
别克,12.00,
奥迪,11.08,超值_0过户
荣威,2.58,超值_急售
林肯,15.00,超值_急售_0过户
宝马,11.78,0过户
奔驰,61.00,
宝马,18.00,超值
本田,5.80,超值
大众,5.80,超值_0过户
斯柯达,2.60,超值_急售_0过户
吉利汽车,3.30,超值_急售
smart,12.00,
名爵,6.58,超值_0过户
斯柯达,5.00,超值
哈弗,8.98,超值_0过户
宝马,12.50,超值_0过户
魏牌,9.80,超值_0过户
路虎,46.50,超值_0过户
领克,13.30,超值_0过户
标致,11.80,超值
大众,3.98,超值_0过户
奔驰,28.50,超值_急售_0过户
大众,13.00,超值_急售_0过户
海马,1.18,超值_0过户
斯柯达,7.88,超值_急售_0过户
宝马,20.00,超值_里程少_0过户
马自达,9.00,超值_0过户
现代,3.48,超值
别克,6.90,超值_急售_0过户
东风风行,3.10,超值_急售
道奇,4.28,超值
现代,6.90,超值_急售_0过户
奇瑞,0.85,0过户
斯柯达,4.20,超值_0过户
大众,5.30,超值_0过户
别克,4.00,超值_0过户
魏牌,9.00,0过户
雪佛兰,3.98,超值
吉利汽车,7.28,超值_急售_0过户
三菱,3.20,0过户
比亚迪,2.40,0过户
大众,6.30,超值
奔驰,32.80,超值_急售
福特,4.98,超值
丰田,11.50,0过户
比亚迪,2.00,超值_急售
奥迪,35.38,超值_急售_0过户
福特,5.00,
标致,3.58,超值_急售_0过户
吉利汽车,5.50,超值_0过户
起亚,3.90,超值
日产,1.90,超值_急售_0过户
雪铁龙,0.90,超值_急售
奔驰,14.50,超值_0过户
大众,9.50,超值_急售_0过户
别克,12.00,
奔驰,45.00,超值
起亚,2.50,超值_急售
起亚,6.80,超值_0过户
别克,5.40,超值_0过户
大众,5.18,超值_急售
比亚迪,6.50,超值_急售_0过户
别克,6.60,超值_急售_0过户
宝马,8.20,超值_急售
雪佛兰,2.20,超值_急售
大众,9.28,超值_急售_0过户
丰田,27.98,超值_0过户
大众,5.00,0过户
宝马,27.80,超值_急售_0过户
宝马,8.20,超值_急售
奥迪,16.50,超值_0过户
福特,9.88,超值_急售_0过户
雪佛兰,2.20,超值_急售
宝马,13.00,超值_0过户
江淮,1.10,超值_急售
斯柯达,4.58,超值_0过户
中华,1.88,超值
吉利汽车,7.50,超值_急售_0过户
雪佛兰,5.40,超值_0过户
大众,5.38,超值
福特,5.00,
大众,15.80,超值_0过户
smart,12.00,
雪佛兰,2.68,超值_急售
大众,6.98,超值_急售
大众,10.98,超值_急售
现代,3.80,超值_0过户
现代,4.00,超值_急售
广汽传祺,18.80,超值
众泰,3.80,超值_急售
福特,14.80,0过户
福特,9.98,超值_急售_0过户
奔驰,15.98,超值_0过户
起亚,1.40,超值_急售
宝马,16.00,
宝马,6.00,超值_急售
奔驰,21.50,0过户
吉利汽车,6.20,里程少_0过户
大众,15.50,0过户
长安,3.80,超值_急售_0过户
中华,0.99,超值
路虎,51.00,超值_急售_0过户
标致,1.30,超值_急售
大众,25.00,0过户
斯柯达,5.30,超值_急售_0过户
宝马,13.98,超值_急售
广汽传祺,4.38,超值_0过户
别克,3.60,超值
别克,12.00,
起亚,6.88,超值_0过户
别克,4.38,超值_急售_0过户
别克,3.30,超值
长安凯程,0.88,超值_急售
东风风度,5.40,0过户
领克,14.68,超值_急售_0过户
宝马,14.90,超值
日产,10.98,超值_急售_0过户
奥迪,26.80,0过户
本田,3.98,超值_急售_0过户
雪佛兰,2.50,超值
吉利汽车,6.50,超值_急售_0过户
smart,12.00,
斯柯达,1.85,超值
大众,17.90,准新车_0过户
东风风行,4.50,0过户
宝马,33.00,超值
吉利汽车,7.00,0过户
福特,6.00,超值
别克,17.88,超值_0过户
奔驰,20.28,超值
猎豹汽车,6.80,0过户
奔驰,33.00,超值_急售_0过户
MINI,15.68,超值
名爵,4.20,
马自达,5.60,超值
吉利汽车,4.40,超值_0过户
奔驰,10.50,0过户
凯迪拉克,14.60,超值
斯柯达,3.30,超值_急售_0过户
本田,12.50,超值_急售
吉利汽车,6.98,超值_急售_0过户
日产,4.98,超值_0过户
起亚,11.50,0过户
东风风行,2.50,超值_0过户
宝马,18.00,
荣威,9.00,超值_急售_0过户
大众,29.00,里程少
别克,2.38,超值
大众,6.90,超值
宝马,24.00,0过户
福特,2.68,超值_0过户
别克,4.38,超值
道奇,8.80,超值_0过户
金杯,1.10,超值_急售
丰田,4.50,超值_0过户
长安,8.00,超值_急售_0过户
吉利汽车,4.56,超值_急售_0过户
吉利汽车,6.98,急售_0过户
日产,12.00,超值_急售_0过户
丰田,3.80,超值_急售
起亚,4.50,超值_急售
日产,7.10,超值_急售_0过户
雪佛兰,4.50,超值_急售
现代,2.50,0过户
东南,4.40,0过户
本田,7.30,超值_0过户
马自达,4.00,超值_急售
大众,26.00,
起亚,8.50,超值_0过户
别克,12.00,
smart,12.00,
宝马,21.00,
现代,8.00,超值_急售
大众,6.90,超值_急售
比亚迪,1.90,
雷克萨斯,145.00,超值_里程少_0过户
大众,5.88,超值_0过户
上汽大通MAXUS,6.88,超值_急售
本田,6.80,超值_急售
五菱汽车,1.49,超值_急售_0过户
福特,4.80,超值_急售_0过户
别克,15.80,超值_0过户
北京汽车,2.68,超值_急售
雷诺,3.45,
本田,6.28,超值_急售
别克,12.68,超值_急售
雪佛兰,2.00,0过户
路虎,50.00,超值_急售
吉利汽车,6.60,0过户
起亚,4.30,超值
比亚迪,13.60,超值_急售_0过户
宝马,19.10,超值_急售_0过户
雪佛兰,2.80,超值
奔驰,26.80,超值_急售_里程少_0过户
路虎,19.80,超值_急售_0过户
日产,8.00,超值_急售_0过户
路虎,96.00,超值_急售_0过户
丰田,30.00,0过户
猎豹汽车,5.68,超值_0过户
标致,1.28,超值_急售
奥迪,10.00,超值_急售_0过户
大众,8.20,超值_急售_0过户
丰田,54.80,
别克,2.50,超值_急售_0过户
铃木,1.58,
一汽,0.35,超值_0过户
别克,12.00,
大众,7.50,超值_0过户
铃木,1.98,超值
路虎,82.60,超值_0过户
奔驰,15.90,超值_急售
上汽大通MAXUS,6.88,超值
比亚迪,6.98,超值_急售_0过户
本田,12.00,0过户
别克,5.60,超值
力帆汽车,3.80,超值_急售
标致,3.50,超值_急售
起亚,4.60,超值_急售
魏牌,7.60,
大众,5.88,超值_0过户
起亚,5.08,
宝马,19.00,超值_急售_0过户
比亚迪,7.80,0过户
大众,6.88,超值_急售
哈弗,7.68,超值_0过户
雪佛兰,2.00,0过户
大众,1.55,超值_急售
斯柯达,8.30,超值_急售_0过户
大众,8.00,超值_急售
福特,5.50,超值_急售_0过户
别克,2.55,超值_急售
smart,12.00,
雪佛兰,7.80,超值_急售_0过户
别克,2.55,超值_急售
奔驰,39.00,超值_急售
起亚,4.98,超值_急售
斯柯达,4.50,0过户
奔驰,44.80,超值_急售_0过户
斯巴鲁,15.50,超值_急售_0过户
英菲尼迪,24.00,0过户
smart,12.00,
奇瑞,1.68,超值_急售_0过户
大众,5.00,超值_急售_0过户
大众,8.80,
宝马,24.00,0过户
宝骏,7.30,超值_急售_里程少_0过户
斯柯达,7.85,超值_急售_0过户
长安,7.99,超值_急售_里程少_0过户
现代,8.38,超值_急售
福特,2.20,超值_急售
东南,4.80,超值_0过户
现代,8.00,超值_急售_0过户
奥迪,12.88,超值
吉利汽车,4.80,超值_里程少_0过户
雷克萨斯,9.80,超值_急售
领克,14.00,0过户
领克,14.00,超值_急售_0过户
东风风光,4.50,超值_急售_里程少_0过户
福特,4.98,超值_急售_0过户
福特,3.60,0过户
日产,5.28,超值
比亚迪,8.18,超值_急售_准新车_0过户
本田,23.00,超值_急售_0过户
大众,4.30,超值_急售_0过户
本田,8.80,0过户
哈弗,4.20,0过户
现代,8.60,0过户
别克,12.00,
别克,12.60,
宝马,11.90,超值_急售_0过户
宝马,28.00,
雪佛兰,3.00,超值_急售
大众,10.30,超值_急售
大众,11.00,超值_急售_0过户
大众,4.30,超值_0过户
江淮,6.98,超值
现代,1.50,0过户
日产,5.00,0过户
吉利汽车,4.18,超值_0过户
比亚迪,24.00,超值_急售_0过户
日产,2.68,超值_急售_0过户
丰田,4.10,超值_急售
比亚迪,5.88,超值_急售
宝骏,2.88,超值
长安,3.00,0过户
雪佛兰,12.10,超值_急售
smart,12.00,
大众,8.00,超值_0过户
比亚迪,2.46,超值_急售_0过户
丰田,8.00,超值_0过户
上汽大通MAXUS,11.00,0过户
奥迪,18.90,超值_0过户
大众,6.50,超值_急售
奔腾,2.88,超值_急售
奥迪,18.18,超值_急售_0过户
MINI,9.65,超值_急售
大众,3.68,超值_急售_0过户
别克,21.90,超值_急售_里程少_0过户
东风风神,2.70,超值_0过户
铃木,9.98,超值_0过户
奥迪,25.00,超值
别克,4.80,超值_急售_0过户
丰田,17.50,超值_0过户
领克,12.00,超值_急售_0过户
福特,5.60,0过户
本田,2.08,超值_急售_0过户
smart,4.20,超值_急售
MINI,11.00,
长安,3.88,超值_急售
大众,4.80,超值_急售
马自达,2.88,超值_急售_0过户
起亚,6.18,超值
雪佛兰,2.88,超值
福特,5.00,
大众,9.58,超值_急售
三菱,5.12,超值_0过户
奔驰,16.60,超值_急售_0过户
奔驰,9.68,超值_急售_0过户
smart,12.00,
起亚,6.88,超值_急售
别克,6.00,超值
宝马,4.00,超值
奥迪,15.00,超值_0过户
铃木,3.70,超值
大众,7.00,超值_0过户
本田,10.98,超值_0过户
大众,5.50,超值_0过户
马自达,7.88,超值_急售_0过户
比亚迪,2.08,超值_急售
五菱汽车,1.50,超值_急售_0过户
铃木,6.80,超值_急售_0过户
别克,9.50,超值_0过户
长城,1.10,0过户
丰田,4.90,超值
哈弗,7.88,超值_0过户
雪佛兰,2.50,超值_急售
GMC,25.50,超值_急售
宝马,22.50,超值_急售_0过户
本田,17.50,超值_急售_0过户
雪佛兰,3.86,超值_急售_0过户
福特,3.00,超值_0过户
比亚迪,2.80,超值_0过户
大众,4.50,0过户
荣威,3.89,超值
丰田,7.20,超值_急售_0过户
别克,12.00,
现代,7.50,超值_急售_0过户
Jeep,2.40,
保时捷,26.00,超值_急售
名爵,5.60,超值_急售_0过户
大众,6.80,超值_急售_0过户
奔驰,20.00,超值_0过户
大众,20.00,超值
现代,6.30,超值_0过户
路虎,24.50,
雷诺,10.00,超值_0过户
大众,9.88,急售_0过户
本田,15.98,超值_急售_0过户
奥迪,23.80,超值_0过户
斯柯达,1.98,超值_0过户
沃尔沃,9.50,超值
雪佛兰,13.00,超值_急售_0过户
宝马,14.70,超值
本田,9.80,0过户
五菱汽车,1.36,超值_急售
雪佛兰,4.66,超值_急售
福特,5.00,
大众,3.78,超值
福特,4.80,超值
别克,1.05,超值
马自达,9.30,超值
长安,1.70,超值_0过户
别克,4.90,超值_急售
大众,10.60,急售
沃尔沃,51.80,超值_0过户
雪铁龙,2.98,超值
蔚来,25.80,0过户
大众,10.68,超值_急售_0过户
福特,7.80,超值_里程少
福特,6.66,超值_急售
雪佛兰,5.80,超值_0过户
日产,6.30,超值_0过户
Jeep,12.80,超值
马自达,11.00,超值_急售
别克,1.80,超值_急售_0过户
宝马,34.00,超值_急售
吉利汽车,6.48,超值_急售_0过户
大众,6.80,超值_急售
大众,6.00,里程少_0过户
奔驰,8.28,超值_急售
别克,12.00,
荣威,5.80,超值_0过户
丰田,12.28,超值_急售_里程少_0过户
日产,4.70,超值_急售
比亚迪,1.80,超值_急售_0过户
丰田,6.18,超值
特斯拉,22.50,0过户
别克,3.50,0过户
奥迪,27.50,0过户
名爵,1.98,超值_急售
起亚,4.50,0过户
福特,12.98,超值
斯柯达,2.50,
丰田,29.98,超值_急售_0过户
名爵,3.19,超值_急售
奔驰,17.50,0过户
丰田,4.40,急售_0过户
本田,8.80,超值_急售_0过户
奥迪,17.00,0过户
标致,4.77,超值_急售_0过户
福特,5.00,
吉利汽车,4.80,超值_急售_0过户
日产,8.00,超值
现代,7.05,超值
金杯,3.98,超值_0过户
大众,12.88,超值
本田,7.98,超值
别克,21.50,超值_0过户
保时捷,31.00,超值_急售_0过户
别克,12.00,
大众,10.50,超值_急售_0过户
吉利汽车,5.98,超值_急售_0过户
比亚迪,7.20,超值_0过户
奥迪,10.50,超值_急售
宝骏,3.18,超值_急售_0过户
雪佛兰,2.88,超值_急售_0过户
奔驰,30.98,超值_急售_里程少_0过户
大众,4.98,超值_急售_0过户
福特,12.00,超值_0过户
纳智捷,4.00,超值
大众,5.99,超值_急售_0过户
丰田,11.90,超值_0过户
大众,12.60,超值_急售_0过户
奇瑞,0.98,超值_0过户
别克,3.80,超值_急售_0过户
马自达,3.90,超值_急售
铃木,0.69,超值_急售_0过户
丰田,12.60,超值_急售
领克,10.30,超值_里程少_0过户
奔驰,16.00,里程少_0过户
凯迪拉克,12.60,超值
路虎,16.80,超值_急售_0过户
标致,11.00,0过户
雪铁龙,1.60,超值
哈弗,6.88,超值_急售_0过户
宝马,12.50,
雪铁龙,0.95,0过户
奔驰,18.99,超值_急售_0过户
比亚迪,0.98,超值_急售_0过户
起亚,3.30,超值_急售_0过户
日产,17.00,超值_0过户
丰田,25.20,0过户
起亚,8.90,0过户
五菱汽车,2.39,超值_急售_0过户
宝马,11.38,超值_急售
奥迪,12.10,超值_急售
江淮,1.18,超值_急售_0过户
雪佛兰,2.12,超值_急售
雪佛兰,7.28,超值
宝骏,0.46,超值_急售
大众,2.58,超值_急售
玛莎拉蒂,57.00,超值
五菱汽车,3.50,超值_急售_准新车_0过户
广汽传祺,5.00,0过户
东风风行,3.80,0过户
宝马,24.00,超值_急售_0过户
菲亚特,4.50,超值
MINI,7.68,超值_急售_0过户
马自达,9.80,0过户
铃木,3.50,0过户
福特,5.00,
现代,7.58,超值_急售_0过户
大众,13.88,超值_0过户
本田,11.38,超值_急售_准新车_0过户
五菱汽车,3.58,超值_急售_准新车_0过户
丰田,16.00,0过户
猎豹汽车,7.80,超值_里程少_0过户
大众,16.80,超值_0过户
MINI,13.50,超值_0过户
别克,12.00,
大众,17.80,超值_0过户
奔驰,7.20,超值
马自达,7.28,超值_急售_0过户
奔驰,17.98,超值_急售_0过户
奥迪,16.80,超值_0过户
日产,8.80,超值_0过户
凯迪拉克,4.20,0过户
名爵,2.18,超值_急售
英菲尼迪,19.00,0过户
比亚迪,6.68,超值_0过户
哈弗,9.10,0过户
现代,7.60,0过户
奔腾,8.90,
比亚迪,6.90,0过户
本田,13.50,
大众,9.00,
哈弗,7.00,0过户
保时捷,35.00,0过户
奇瑞,3.98,0过户
福特,5.00,
三菱,20.00,0过户
起亚,5.99,0过户
别克,12.00,
奥迪,26.00,0过户
领克,17.70,超值_急售_准新车
奥迪,83.88,里程少_0过户
长安,5.50,超值_急售_里程少_0过户
大众,29.68,超值_急售_里程少_0过户
奔驰,26.90,超值_急售
宝马,6.98,超值
现代,8.68,超值_急售_0过户
沃尔沃,9.98,超值_急售_0过户
丰田,12.98,超值_急售_0过户
大众,10.98,超值_0过户
本田,10.68,超值_0过户
哈弗,13.88,超值_0过户
福特,20.60,超值_0过户
奥迪,19.90,超值_0过户
路虎,19.98,超值_急售_0过户
广汽传祺,11.38,超值_0过户
大众,9.60,超值_急售
别克,10.10,超值_急售
大众,8.68,超值_急售
丰田,9.68,超值_急售_0过户
宝马,11.20,超值_急售
奥迪,19.60,超值_急售
别克,4.98,0过户
丰田,24.60,超值_急售
别克,10.98,超值_急售
奔驰,23.68,超值_急售
福特,10.78,超值_0过户
路虎,46.70,超值_0过户
丰田,21.98,超值_0过户
奥迪,27.80,超值_0过户
宝马,38.80,超值_0过户
宝马,18.68,超值_0过户
比亚迪,6.98,超值_急售
福特,14.98,超值_急售
奔驰,17.20,超值_急售
宝骏,3.98,超值_急售_0过户
日产,10.98,超值_急售_0过户
现代,7.10,超值_急售_0过户
林肯,16.80,超值_0过户
奔驰,18.20,超值_0过户
MINI,15.30,超值_0过户
奥迪,10.30,超值_急售
奔驰,12.80,
五菱汽车,3.50,超值_急售_0过户
别克,16.80,超值_急售_0过户
奔驰,18.00,超值_急售_里程少_0过户
奥迪,23.00,超值_急售_0过户
雪铁龙,10.80,超值_急售_里程少_0过户
大众,6.80,超值_0过户
雷克萨斯,9.60,超值
丰田,13.60,超值_急售_0过户
奥迪,18.99,超值_准新车_0过户
吉利汽车,9.98,超值_0过户
大众,17.60,超值_0过户
本田,24.20,超值_0过户
大众,21.30,超值
日产,16.80,超值_准新车_0过户
日产,1.68,超值_急售_0过户
宝马,8.68,超值
福特,7.38,超值_0过户
领克,10.28,超值_0过户
奥迪,23.50,超值_急售_0过户
林肯,14.98,超值_0过户
本田,24.38,
路虎,57.88,超值
广汽传祺,19.68,超值_0过户
路虎,27.98,超值_0过户
奇瑞,5.98,超值_0过户
奥迪,14.98,超值_急售_里程少_0过户
日产,4.98,超值_0过户
奥迪,9.98,超值
福特,7.28,0过户
大众,9.28,超值_0过户
斯柯达,2.98,超值_急售_0过户
奇瑞,3.98,0过户
九龙,4.98,0过户
别克,4.98,超值_急售
大众,4.58,超值_急售_0过户
别克,6.78,超值
奔驰,10.98,超值_急售
雪铁龙,5.38,超值_急售
长城,2.28,超值_0过户
大众,6.98,超值_0过户
日产,5.68,超值_0过户
现代,8.58,超值_0过户
凯迪拉克,20.88,超值
大众,13.68,超值
福特,6.58,超值_0过户
现代,9.58,超值_0过户
本田,17.98,超值
丰田,14.98,超值_0过户
大众,7.98,超值_0过户
凯迪拉克,14.70,超值
MINI,12.98,超值_0过户
林肯,20.88,超值_0过户
别克,5.38,超值_急售_0过户
英菲尼迪,14.00,
大众,10.88,超值_急售_0过户
福特,5.88,超值_急售_0过户
丰田,8.58,超值_0过户
本田,6.68,超值_0过户
领克,10.98,0过户
丰田,4.98,超值_急售_0过户
宝沃,7.38,超值_急售_0过户
宝马,33.80,超值_急售
宝马,12.98,超值_急售_0过户
哈弗,6.28,超值_急售_0过户
别克,15.58,超值_急售_0过户
宝马,17.35,超值_急售
奥迪,18.98,超值_急售
奥迪,17.98,超值_急售_0过户
别克,22.98,超值_急售
丰田,8.98,0过户
大众,23.60,超值_急售
福特,4.98,超值_0过户
比亚迪,15.58,超值_准新车
理想汽车,27.68,超值
本田,18.68,
莲花汽车,0.99,超值_0过户
马自达,2.88,超值_急售_0过户
奥迪,11.00,
本田,10.68,超值
奥迪,21.50,超值
大众,6.58,超值_急售_0过户
起亚,4.45,超值_急售
Jeep,8.68,
猎豹汽车,4.75,超值_急售_0过户
别克,15.58,
宝马,24.58,
奥迪,43.88,超值
丰田,28.68,超值
奔驰,30.88,超值
别克,6.38,0过户
奔驰,31.68,超值
奔驰,18.98,0过户
别克,35.98,急售_里程少
魏牌,9.98,超值_急售_里程少
本田,10.39,超值
日产,50.18,急售
丰田,7.20,超值_急售_0过户
丰田,17.20,超值_0过户
别克,5.65,超值_急售
魏牌,10.38,超值_0过户
本田,7.38,超值_急售_0过户
长安,3.60,超值_急售_0过户
宝马,14.80,超值_急售_0过户
奔驰,42.88,超值_急售_准新车_0过户
宝马,41.88,超值_急售
奥迪,10.30,超值
大众,6.80,超值
凯迪拉克,14.80,超值
宝马,13.80,超值_急售_0过户
宝马,15.50,超值_急售
马自达,13.50,超值_急售_0过户
奥迪,20.50,超值_急售_0过户
猎豹汽车,5.50,超值_急售_0过户
大众,10.30,超值_0过户
宝马,8.20,超值_急售_0过户
江淮,5.70,超值_急售
五菱汽车,2.80,超值_急售_0过户
现代,10.90,超值_急售_里程少_0过户
广汽传祺,11.58,超值_急售_0过户
起亚,9.60,超值_急售_0过户
宝马,14.83,超值
北京,13.80,超值_急售_0过户
日产,7.35,超值_急售
东风风行,3.00,超值_急售_0过户
五菱汽车,3.50,超值_急售
奥迪,25.50,超值_急售_0过户
江淮,9.98,超值_急售_里程少
丰田,23.00,超值_急售
丰田,7.90,超值_急售_里程少_0过户
奥迪,15.50,超值_急售
英菲尼迪,11.88,超值_急售
雪佛兰,9.50,超值_急售_0过户
别克,6.85,超值_急售
别克,5.88,超值
宝马,18.98,超值_急售
日产,6.35,0过户
本田,6.35,超值_急售_0过户
雪佛兰,9.38,超值_急售_0过户
标致,2.98,超值_急售
smart,5.70,超值_急售_0过户
宝马,18.38,超值_急售
上汽大通MAXUS,11.78,超值_急售_0过户
大众,8.58,超值_急售
别克,19.80,超值_0过户
奥迪,28.50,超值
别克,5.60,超值_0过户
奥迪,5.80,超值
本田,6.50,超值
现代,4.38,超值_急售
丰田,11.80,超值_0过户
别克,5.50,超值_急售_0过户
别克,12.20,超值
本田,22.80,超值
奥迪,13.80,超值
本田,5.78,超值
宝马,15.60,超值_0过户
福田,4.85,超值_急售_0过户
大众,4.88,超值_急售_0过户
宝骏,3.88,超值_0过户
大众,16.20,超值
大众,12.50,超值_急售_0过户
斯柯达,11.00,
别克,10.58,超值_0过户
本田,9.28,超值
大众,7.38,超值_急售
宝马,19.38,超值_急售
奔驰,18.30,超值_急售
本田,5.50,超值_急售
大众,7.38,超值_急售
福特,3.68,超值_0过户
长安,6.30,超值_0过户
丰田,7.80,超值_0过户
奥迪,7.20,超值
现代,8.58,超值_急售
日产,8.80,超值
起亚,6.20,超值
大众,4.68,超值
起亚,5.88,超值_急售_0过户
奥迪,17.80,超值_急售_0过户
奥迪,14.08,超值_0过户
宝马,26.58,超值_0过户
马自达,7.98,超值_急售_0过户
奥迪,27.80,超值_急售_0过户
福特,27.00,超值_急售_0过户
奥迪,19.80,超值_急售
雪佛兰,7.80,超值_急售_0过户
奥迪,20.80,超值_急售_0过户
宝马,9.80,超值
大众,12.30,超值_急售_0过户
别克,2.50,超值_急售
宝马,15.70,超值_急售
本田,12.10,超值_急售
大众,8.70,超值_0过户
雪佛兰,5.70,超值_急售_0过户
现代,5.30,超值_急售_0过户
宝马,12.80,超值_急售_0过户
荣威,6.20,超值_急售
奥迪,10.50,超值_0过户
马自达,10.88,超值_急售_0过户
长安,10.68,准新车_0过户
Jeep,10.00,超值
别克,3.28,超值_0过户
宝马,37.88,超值_0过户
福特,6.50,超值_0过户
福特,16.88,超值_急售_0过户
捷豹,25.48,超值
路虎,26.00,超值_0过户
奥迪,15.20,超值_0过户
现代,3.20,超值_0过户
哈弗,2.88,超值
奥迪,8.38,超值
MINI,18.88,超值_0过户
大众,11.68,超值_0过户
大众,8.38,超值_0过户
现代,8.68,超值_里程少_0过户
大众,4.60,0过户
雪佛兰,1.89,
大众,18.88,超值_里程少_0过户
福特,4.50,超值
大众,2.15,超值_急售
现代,2.28,超值
五菱汽车,2.88,超值_0过户
宝骏,4.68,超值
哈弗,7.30,超值
大众,4.58,超值_0过户
大众,7.68,超值_急售_0过户
奔驰,18.60,超值
奥迪,18.60,超值_急售_0过户
奔驰,15.88,急售
本田,8.59,超值_急售
别克,24.98,超值_急售
奔驰,38.00,超值_急售_0过户
大众,4.90,超值_0过户
别克,3.00,超值_急售
奔驰,15.50,超值_急售_0过户
奇瑞,8.88,超值_急售_准新车_0过户
现代,1.88,超值
凯迪拉克,9.00,超值_0过户
奇瑞,0.70,超值
起亚,5.80,超值_0过户
福特,11.90,超值_0过户
现代,5.70,超值
起亚,5.50,
长安,10.90,超值_0过户
日产,15.98,超值_急售_0过户
大众,7.98,
现代,7.58,0过户
奔驰,14.80,超值_0过户
坦克,19.88,超值
长安跨越,4.30,超值_准新车_0过户
宝马,19.28,超值_0过户
东风风行,4.18,0过户
雪铁龙,4.30,超值
大众,7.80,超值
丰田,8.08,
金杯,2.58,超值
别克,12.99,超值_急售_0过户
奔驰,16.68,
哈弗,8.00,超值_0过户
丰田,26.50,超值_0过户
丰田,17.58,超值_0过户
福特,3.98,超值_0过户
奔驰,29.20,超值_0过户
吉利汽车,5.20,超值_0过户
smart,9.68,超值_里程少_0过户
宝马,12.98,超值_急售_0过户
比亚迪,8.60,超值_0过户
丰田,6.88,超值_0过户
丰田,2.60,超值
奥迪,61.80,超值
宝马,52.88,超值_0过户
奔驰,25.50,超值_0过户
奥迪,15.80,超值_0过户
大众,7.28,超值_0过户
福特,2.88,超值
别克,2.40,超值_0过户
别克,4.38,超值_0过户
日产,2.50,超值_急售
本田,11.20,超值
长安,3.18,超值_0过户
本田,15.88,超值_里程少_0过户
宝马,24.90,超值
吉利汽车,6.18,超值_0过户
福特,11.56,超值
斯柯达,8.80,超值
丰田,10.98,超值_急售_0过户
斯巴鲁,9.98,超值_急售
现代,9.00,超值_0过户
奥迪,25.80,超值
大众,13.88,超值_0过户
现代,7.00,超值
起亚,7.70,超值_0过户
斯柯达,6.18,超值_0过户
大众,8.20,超值
本田,8.00,超值
别克,19.50,超值_0过户
本田,10.80,超值_0过户
本田,19.38,超值_0过户
日产,44.80,超值_急售_0过户
日产,44.80,超值_急售_0过户
丰田,12.88,超值_0过户
奔驰,41.99,超值_0过户
大众,24.58,超值_0过户
MINI,6.98,超值_0过户
标致,2.80,超值
奥迪,60.00,超值_急售
雪佛兰,3.00,超值
五菱汽车,3.18,超值_急售
金旅,0.85,超值
奥迪,15.28,超值_里程少_0过户
吉利汽车,2.88,超值_急售_0过户
丰田,23.00,超值_0过户
福特,10.00,超值_急售_0过户
福特,4.38,超值_急售_0过户
本田,7.60,超值_急售_0过户
捷豹,12.00,超值
起亚,1.28,超值_急售
本田,8.18,超值_0过户
上汽大通MAXUS,5.38,超值_急售
宝骏,2.58,超值_0过户
荣威,5.98,超值_0过户
大众,5.98,超值_0过户
大众,4.98,超值_急售_0过户
雪佛兰,8.58,超值_0过户
三菱,27.98,超值_0过户
本田,15.00,超值_0过户
本田,5.50,
长安,3.78,超值_急售_0过户
斯柯达,2.80,超值_0过户
奔驰,58.99,超值
丰田,17.00,超值_0过户
现代,1.68,超值
奇瑞,6.58,超值_里程少_0过户
奥迪,15.38,超值_里程少_0过户
沃尔沃,7.88,超值_0过户
别克,1.38,超值
本田,8.88,超值
本田,1.68,超值
铃木,1.88,超值_0过户
奔驰,17.68,
北京汽车,2.98,
大众,4.30,超值
大众,6.00,超值
宝马,16.00,超值
起亚,3.70,超值
雷克萨斯,22.78,超值_0过户
日产,8.88,超值_0过户
宝马,15.80,超值
宝马,71.00,超值
别克,5.88,超值
宝马,16.20,超值_急售
力帆汽车,0.55,超值_0过户
福特,7.38,超值
起亚,4.36,0过户
别克,3.65,
大众,3.50,0过户
宝马,27.88,超值_0过户
英菲尼迪,14.58,超值_0过户
福田,4.98,超值
大众,16.90,
铃木,1.28,超值
别克,29.58,超值_0过户
宝马,27.50,超值_0过户
宝马,7.58,超值_急售
奥迪,9.18,超值
道奇,6.38,超值_0过户
日产,15.30,超值_0过户
别克,8.68,超值_0过户
雪佛兰,6.00,超值_急售_0过户
大众,5.50,超值_急售_0过户
宝马,5.78,超值
大众,5.00,超值_急售_0过户
宝马,19.00,超值_急售
别克,23.80,超值_0过户
宝马,8.20,超值
丰田,4.85,超值_急售
别克,4.38,超值
标致,3.20,超值_0过户
奥迪,15.58,超值
吉利汽车,5.58,超值_急售_0过户
别克,8.58,超值
雷诺,11.50,超值_0过户
奔驰,23.00,超值_0过户
福特,2.00,超值_0过户
江淮,6.50,超值_0过户
丰田,129.80,超值
吉利汽车,4.98,超值_0过户
本田,19.38,超值_0过户
马自达,14.58,超值_急售_里程少_0过户
奥迪,15.50,超值_0过户
雪佛兰,9.08,超值_0过户
大众,4.15,超值_0过户
大众,7.80,超值_0过户
吉利汽车,4.20,超值_0过户
福特,5.00,超值_0过户
日产,9.80,超值_0过户
广汽传祺,4.38,超值
大众,2.50,超值_0过户
丰田,24.38,超值
金龙,5.60,超值
保时捷,75.50,超值_0过户
名爵,2.68,超值
现代,4.98,超值_0过户
比亚迪,1.80,超值
比亚迪,0.88,超值
奔驰,38.50,超值_0过户
北京,13.90,超值
奇瑞,3.00,超值_0过户
大众,20.50,超值_里程少_0过户
丰田,9.50,超值_0过户
哈弗,5.80,超值_0过户
宝马,11.88,超值
捷豹,29.88,超值_0过户
宝马,43.80,超值
大众,7.80,超值
江铃,8.00,超值_0过户
奔驰,14.38,超值
奥迪,25.00,超值_0过户
大众,12.80,超值_0过户
日产,13.50,超值_急售_0过户
大众,17.50,超值_0过户
红旗,15.38,超值_里程少
别克,11.90,超值_0过户
奇瑞,3.88,超值_0过户
大众,7.20,超值_0过户
大众,13.98,超值_准新车_0过户
本田,27.20,超值
大众,25.99,超值_0过户
本田,6.58,超值_0过户
凯迪拉克,10.98,超值_0过户
铃木,2.58,超值_0过户
日产,36.50,超值
福特,6.68,超值_里程少_0过户
路虎,43.90,超值_0过户
宝马,17.80,超值_0过户
马自达,6.80,超值_0过户
五菱汽车,1.75,超值_0过户
宝马,19.98,超值_急售_0过户
江淮,2.98,超值_0过户
现代,7.80,超值_0过户
大众,11.68,超值_急售_里程少_0过户
大众,9.80,超值_0过户
宝马,9.68,超值
路虎,20.68,超值
现代,6.50,超值_0过户
宝马,14.38,超值
名爵,7.00,超值_0过户
本田,17.90,超值
奥迪,23.30,
大众,9.80,超值
凯迪拉克,22.98,超值_急售
三菱,27.30,超值
丰田,22.80,超值
宝马,17.88,超值_急售_0过户
奔驰,18.38,里程少
奔驰,26.20,0过户
宝马,29.20,超值
路虎,27.00,超值_0过户
本田,22.87,超值_急售
奔驰,29.98,超值_急售
奥迪,23.98,超值_0过户
大众,19.00,超值
宝马,19.68,超值
宝马,37.30,超值_0过户
路虎,148.00,超值_0过户
名爵,1.55,超值_0过户
奥迪,13.58,超值_0过户
标致,3.58,
福特,3.58,超值
宝马,32.38,超值_急售_0过户
江淮,1.28,超值_急售_0过户
丰田,77.68,超值
smart,13.00,超值_0过户
宝马,16.30,超值
奔驰,31.98,超值_急售_0过户
奥迪,14.58,超值
宝马,29.00,超值
福特,14.50,超值_准新车_0过户
别克,2.48,超值
马自达,8.00,超值
奔驰,16.50,超值_0过户
奥迪,25.50,超值_里程少_0过户
林肯,24.58,超值_0过户
路虎,19.50,超值_急售_0过户
斯柯达,3.58,超值_0过户
大众,1.98,超值
三菱,2.98,超值
长安凯程,2.38,超值
别克,12.00,超值_急售
荣威,8.50,0过户
奇瑞,1.58,超值_0过户
别克,14.68,超值_0过户
江淮,5.80,超值_0过户
大众,8.90,超值
宝骏,4.58,超值_0过户
东风风行,2.98,超值_0过户
奇瑞,4.30,超值_0过户
众泰,3.50,
大众,8.50,超值_0过户
大众,4.60,超值_0过户
马自达,3.18,超值_0过户
本田,7.30,超值_急售
福特,4.98,超值
雪佛兰,11.00,超值_里程少
别克,3.20,超值_0过户
日产,15.60,超值_0过户
宝马,17.00,超值
广汽传祺,3.50,超值_急售_0过户
宝马,41.00,超值
丰田,36.00,超值
宝马,19.68,超值
奥迪,26.50,超值
奔驰,24.50,超值_准新车_0过户
起亚,4.76,超值_0过户
起亚,12.50,超值_0过户
起亚,2.18,超值_急售
雪佛兰,5.20,超值_0过户
别克,3.58,超值
奇瑞,4.30,超值_0过户
大众,11.50,超值_0过户
现代,8.80,超值
大众,8.80,超值_0过户
标致,6.18,超值_急售_0过户
奔驰,12.80,超值
长安凯程,2.50,超值_0过户
Jeep,9.80,超值_0过户
斯柯达,10.80,超值_急售_0过户
捷豹,25.00,超值
大众,5.50,超值_0过户
丰田,40.00,超值
大众,14.50,超值
丰田,10.20,超值_0过户
大众,11.00,超值_0过户
雪佛兰,9.70,超值_里程少_0过户
马自达,4.50,超值
宝马,20.08,超值_0过户
凯迪拉克,21.00,超值_0过户
奥迪,23.00,超值_0过户
大众,12.80,超值_急售_0过户
福特,2.60,超值
路虎,36.80,超值
吉利汽车,9.90,超值_急售_里程少_0过户
铃木,10.28,超值_0过户
本田,22.00,超值_0过户
江淮,5.50,超值_急售_0过户
大众,7.98,超值
别克,12.00,超值_0过户
雪铁龙,5.20,超值_急售_0过户
宝马,38.68,超值_里程少
标致,2.98,超值_0过户
宝马,22.30,超值
魏牌,10.00,超值_0过户
日产,8.60,超值_里程少_0过户
奔驰,28.80,超值
大众,10.50,超值_0过户
广汽传祺,7.20,超值_0过户
丰田,17.20,超值_0过户
别克,3.68,超值_0过户
雪佛兰,1.65,超值
别克,3.15,超值_0过户
本田,6.20,超值_0过户
别克,14.88,超值_0过户
奔驰,19.50,超值_里程少_0过户
广汽传祺,9.80,超值_0过户
五菱汽车,2.80,超值_0过户
奔驰,13.88,超值
江淮,0.98,超值_急售
别克,3.00,超值_0过户
别克,2.80,超值
现代,6.80,超值_0过户
日产,7.60,超值
起亚,7.98,超值_0过户
奥迪,9.18,超值_0过户
大众,3.70,超值
宝马,19.90,超值_0过户
别克,3.20,超值
雪佛兰,5.18,超值_0过户
广汽传祺,4.78,超值_0过户
哈弗,6.18,超值_0过户
奥迪,9.88,超值_0过户
Jeep,5.80,超值
日产,10.80,超值_0过户
奥迪,10.00,超值
大众,4.60,超值_急售_0过户
大众,19.70,超值_0过户
长安,5.50,超值_0过户
宝骏,3.50,超值
大众,5.60,超值_0过户
奥迪,36.38,超值_0过户
大众,10.20,超值
奔驰,10.88,超值
长安,3.28,超值_0过户
奔驰,14.00,超值
启辰,6.00,超值_0过户
日产,6.28,超值
日产,4.98,超值_0过户
东风风神,2.38,超值_0过户
长安欧尚,1.28,超值_0过户
奥迪,17.50,超值_0过户
日产,17.38,超值_0过户
吉利汽车,3.88,超值_0过户
奥迪,15.58,超值
北京,15.88,超值_0过户
大众,13.00,超值_0过户
本田,10.86,0过户
宝马,11.50,超值_0过户
马自达,10.80,超值_里程少
大众,10.90,超值_0过户
宝马,24.50,超值
路虎,19.60,超值
奔驰,47.80,超值
名爵,7.60,超值
马自达,10.70,超值_里程少
别克,4.30,超值_0过户
五菱汽车,2.80,超值_0过户
五菱汽车,1.10,超值_0过户
标致,1.50,超值
大众,5.80,超值_急售_0过户
丰田,51.88,超值_0过户
起亚,6.50,超值_急售
大众,3.10,超值
长城,8.10,超值_里程少
大众,8.80,超值
大众,6.00,超值_急售
宝马,18.80,超值_急售
奥迪,18.00,
Jeep,8.70,超值_急售_0过户
起亚,7.30,超值
奥迪,23.00,超值_急售_0过户
现代,5.40,超值_0过户
猎豹汽车,4.20,超值_急售
奔驰,96.00,超值
奇瑞,5.90,超值_0过户
路虎,15.58,超值
雪佛兰,2.00,超值_0过户
本田,4.68,超值
启辰,2.30,超值_0过户
奇瑞,0.36,超值
北京,13.98,超值_里程少_0过户
奥迪,35.00,超值_0过户
别克,21.00,超值
奥迪,23.50,超值
北汽幻速,2.20,超值
比亚迪,2.28,超值_0过户
长安凯程,0.88,超值
大众,5.80,超值_0过户
奥迪,11.50,超值_0过户
Jeep,19.60,超值_0过户
斯柯达,4.38,超值_0过户
雪佛兰,5.10,超值_0过户
宝马,16.80,超值_急售
奥迪,37.00,超值_急售_0过户
铃木,1.28,超值_0过户
宝马,18.10,0过户
比亚迪,6.58,超值_0过户
大众,10.50,超值_0过户
克莱斯勒,16.00,0过户
丰田,24.00,超值
奇瑞,1.80,超值_0过户
长安,3.68,超值_0过户
别克,8.00,0过户
别克,6.23,超值
大众,2.70,超值
大众,5.90,超值_0过户
大众,4.20,超值_0过户
奔驰,9.98,超值_0过户
福特,1.80,超值
奇瑞,1.18,超值
宝沃,7.50,
现代,7.68,超值_0过户
日产,15.88,超值
别克,1.98,超值
宝马,40.80,超值_0过户
大众,5.18,超值
大众,5.30,超值_0过户
本田,10.88,超值_里程少_0过户
现代,4.70,超值_0过户
别克,17.20,超值_里程少_0过户
日产,17.28,超值_0过户
领克,17.50,超值_里程少_0过户
丰田,13.20,超值_0过户
现代,7.38,超值
宝骏,2.99,超值_急售
宝马,21.38,超值_0过户
日产,9.00,超值_0过户
起亚,5.88,超值_0过户
日产,7.50,超值
长安,3.30,超值
宝马,38.80,超值_0过户
本田,3.58,超值
奔驰,9.98,超值_0过户
奔驰,48.80,超值
现代,3.60,超值_0过户
福特,4.60,超值
奥迪,13.50,超值
丰田,5.48,超值_0过户
大众,4.90,超值_0过户
丰田,29.78,超值_0过户
奔驰,47.80,超值_里程少_0过户
奇瑞,2.90,超值_0过户
江淮,3.28,超值_0过户
福特,10.90,超值_0过户
一汽,5.50,超值_0过户
奔驰,15.00,超值_0过户
奥迪,40.38,超值
本田,10.00,超值_0过户
荣威,9.50,超值_准新车_0过户
三菱,33.00,超值_0过户
起亚,4.40,超值
雷克萨斯,34.00,超值_0过户
奥迪,14.38,超值_0过户
广汽传祺,8.50,超值_里程少_0过户
哈弗,12.50,超值_0过户
本田,21.98,超值
哈弗,13.50,超值_0过户
大众,10.20,超值_0过户
宝马,14.18,超值
长城,8.80,超值_0过户
纳智捷,1.98,超值_0过户
奥迪,34.50,超值_里程少_0过户
哈弗,3.88,超值_0过户
凯迪拉克,21.00,超值_0过户
雷克萨斯,16.68,超值_0过户
宝马,24.58,超值_0过户
雷克萨斯,23.68,超值
大众,5.50,超值_0过户
北京汽车,6.00,超值_急售_里程少_0过户
奔腾,9.00,超值_急售_里程少_0过户
日产,46.50,超值_急售_0过户
奥迪,15.80,超值
别克,18.50,超值_急售_0过户
丰田,44.98,超值
福田,11.50,超值_急售_准新车_0过户
奥迪,56.00,超值_急售_准新车_0过户
别克,6.80,0过户
长城,6.70,0过户
奔驰,40.20,0过户
荣威,8.50,0过户
起亚,10.50,0过户
沃尔沃,17.00,里程少_0过户
斯巴鲁,17.50,0过户
领克,10.80,超值_0过户
别克,37.50,超值_急售_准新车_0过户
奔驰,43.50,超值_急售_准新车_0过户
红旗,33.98,超值_急售_准新车_0过户
长安,8.00,超值_0过户
现代,10.90,超值_急售_准新车_0过户
比亚迪,7.30,0过户
奔驰,34.50,超值_急售_0过户
丰田,17.80,超值_急售_准新车_0过户
本田,17.00,超值_急售_0过户
别克,12.50,超值_急售_0过户
雪佛兰,11.00,超值_急售_0过户
路虎,26.00,0过户
宝马,39.00,0过户
大众,5.90,超值_0过户
五菱汽车,4.80,超值_准新车_0过户
保时捷,118.90,超值_急售_0过户
雪铁龙,7.36,超值_急售_里程少_0过户
奔驰,40.00,超值_0过户
长安欧尚,4.80,超值_里程少_0过户
大众,8.50,超值
广汽传祺,5.55,超值_0过户
本田,8.50,0过户
丰田,8.50,0过户
标致,1.70,0过户
大众,6.00,0过户
五菱汽车,1.20,超值_急售_0过户
奔驰,8.50,急售
大众,2.30,超值
大众,6.80,超值
雪佛兰,3.30,超值_0过户
奔腾,4.00,超值_0过户
现代,6.40,超值_0过户
哈弗,1.80,超值_0过户
马自达,5.50,超值_急售_0过户
现代,4.50,0过户
奥迪,7.50,超值
日产,2.00,超值_0过户
大众,3.00,超值
大众,11.80,超值
大众,10.00,超值_0过户
丰田,5.50,超值_0过户
海马,1.40,超值_0过户
五菱汽车,2.00,超值_0过户
思铭,4.50,
东风风行,2.90,
宝马,14.00,超值_急售_0过户
日产,6.75,
日产,5.18,超值_急售
现代,2.50,超值_急售_0过户
日产,5.30,超值_急售
别克,1.80,超值_急售_0过户
别克,1.10,超值
长安,2.80,超值_急售_0过户
别克,2.30,
别克,3.50,0过户
东风,0.88,超值_急售_0过户
依维柯,5.50,超值_0过户
smart,8.50,超值_0过户
日产,4.00,超值_0过户
大众,15.80,超值_0过户
长城,2.60,超值_急售_0过户
吉利汽车,2.60,0过户
吉利汽车,4.50,0过户
凯迪拉克,20.50,0过户
起亚,5.50,0过户
MINI,11.98,超值_急售_0过户
奥迪,25.80,超值_急售
起亚,10.60,超值
大众,6.00,超值_0过户
本田,14.00,超值_0过户
宝马,18.50,超值_0过户
丰田,18.30,超值_0过户
江淮,3.80,超值_急售_0过户
长安,6.20,超值_急售_0过户
丰田,9.50,0过户
大众,13.80,0过户
克莱斯勒,12.00,超值_急售_0过户
奔驰,24.98,超值_急售
奔驰,53.00,超值_急售_0过户
吉利汽车,3.50,超值_0过户
奥迪,20.00,超值_0过户
奥迪,18.00,超值_急售
哈弗,8.00,超值_急售_里程少_0过户
丰田,24.30,超值_急售
日产,7.50,超值_0过户
东南,5.00,超值_0过户
奥迪,12.00,0过户
宝骏,6.00,0过户
宝马,25.00,超值_急售
众泰,3.15,超值_急售_0过户
江铃,7.20,急售_0过户
别克,12.00,超值_0过户
名爵,5.98,超值_急售_0过户
现代,9.90,超值_急售
东风风行,2.10,超值_急售
大众,13.58,超值_急售
别克,20.50,超值_急售
别克,9.80,超值_急售_0过户
奔驰,35.00,超值_急售
奥迪,19.20,超值_急售_0过户
宝马,52.50,超值_急售
别克,8.00,超值_急售
大众,22.00,超值_急售_0过户
吉利汽车,8.60,超值_急售_0过户
丰田,8.60,超值_急售_0过户
本田,26.00,超值
长安,8.68,超值_0过户
哈弗,7.20,0过户
奔驰,24.30,急售_0过户
吉利汽车,9.90,超值_0过户
东风,2.80,超值
吉利汽车,8.30,超值_急售_0过户
本田,27.00,超值_急售_准新车_0过户
现代,4.88,超值_急售_0过户
江铃,7.30,超值_急售_0过户
本田,19.00,超值_急售
奥迪,15.20,
奥迪,12.90,
宝马,4.90,
保时捷,33.80,超值
奥迪,8.50,
宝骏,6.50,超值_急售
哈弗,3.90,
日产,4.50,
奔驰,10.38,超值_0过户
丰田,7.50,急售
本田,6.58,超值_急售_0过户
开瑞,1.00,急售_0过户
丰田,9.68,超值_0过户
丰田,8.68,超值
长安,9.20,
吉利汽车,4.65,
宝马,31.00,超值
魏牌,9.30,超值_0过户
本田,9.80,超值_0过户
大众,14.39,超值
宝马,11.88,超值_0过户
现代,6.50,
大众,4.60,超值_0过户
野马汽车,3.50,超值_0过户
铃木,6.00,超值_0过户
奥迪,25.00,超值_急售
雪佛兰,11.88,超值
丰田,5.80,0过户
奔驰,40.50,超值_0过户
丰田,23.50,超值_准新车
大众,10.30,超值_急售_里程少_0过户
哈弗,6.98,超值_急售_0过户
日产,10.30,超值_里程少_0过户
长安欧尚,7.00,超值_0过户
荣威,5.38,超值_急售_0过户
东风风行,5.00,超值_准新车_0过户
金旅,5.80,超值_急售_0过户
奇瑞,1.60,超值
长安,1.40,超值_0过户
宝马,12.00,超值_0过户
五菱汽车,1.26,超值
菲亚特,2.30,超值
铃木,14.50,超值
日产,4.50,超值_0过户
宝马,8.50,超值_0过户
吉利汽车,2.80,超值_0过户
广汽传祺,2.08,
铃木,2.60,超值
福特,10.00,超值_0过户
大众,2.20,0过户
起亚,3.00,
五菱汽车,1.40,超值
北汽昌河,1.50,超值_0过户
大众,4.30,超值
丰田,17.00,超值
五菱汽车,2.00,超值_0过户
大众,7.58,
奥迪,19.50,超值_急售
大众,7.20,超值
丰田,3.80,急售_0过户
长安凯程,0.95,超值_急售_0过户
雪铁龙,1.40,超值_0过户
捷豹,19.80,超值
宝马,16.00,超值_急售_0过户
现代,1.50,超值_0过户
比亚迪,0.80,超值
福特,4.00,超值
奔腾,0.70,超值_急售
现代,8.00,超值
别克,6.50,超值_急售
中华,0.76,超值_0过户
雪佛兰,1.60,超值_0过户
丰田,4.00,超值_0过户
现代,3.80,超值_0过户
雪佛兰,8.50,
奥迪,23.50,超值_0过户
哈弗,7.50,超值_0过户
魏牌,8.60,超值
Jeep,6.50,超值
福特,5.00,超值_0过户
荣威,5.50,0过户
日产,7.50,超值_0过户
长安欧尚,3.98,超值
奔驰,17.58,超值_0过户
东风风行,3.20,超值
北京,8.00,超值_急售_0过户
宝马,26.00,超值
本田,13.00,超值_0过户
斯柯达,5.78,急售_0过户
英菲尼迪,18.00,超值_急售_0过户
凯迪拉克,15.00,超值_急售
大众,4.28,超值_急售
力帆汽车,1.50,超值_急售_0过户
宝骏,4.40,超值_0过户
大众,19.50,超值
路虎,53.80,
大众,6.00,超值_0过户
大众,18.80,0过户
丰田,6.80,超值
起亚,6.50,超值_0过户
凯迪拉克,14.98,0过户
名爵,5.98,0过户
名爵,5.98,超值_0过户
大众,40.00,超值_0过户
大众,6.28,超值_急售_0过户
别克,12.50,超值_里程少_0过户
奔驰,19.98,超值_0过户
本田,10.00,超值_0过户
大众,28.00,超值_0过户
奔驰,60.00,超值_0过户
比亚迪,3.40,0过户
奥迪,10.00,
路虎,21.00,超值_0过户
福特,6.08,里程少_0过户
铃木,1.38,超值_0过户
哈弗,6.00,超值_里程少_0过户
保时捷,52.50,超值
福田,3.80,超值_急售_0过户
华泰,1.50,超值_0过户
丰田,4.00,超值_0过户
马自达,2.50,0过户
哈弗,6.80,超值_里程少_0过户
雪佛兰,5.00,超值_0过户
日产,4.98,0过户
别克,17.98,超值_0过户
本田,10.50,超值
宝马,15.50,超值
日产,4.60,超值_急售
大众,4.30,超值_0过户
上汽大通MAXUS,10.00,超值_急售
大众,4.08,超值_急售_0过户
日产,37.98,超值_0过户
宝马,20.50,超值
起亚,6.00,超值_急售
现代,8.60,超值_急售_0过户
别克,9.80,超值_急售_0过户
东风风神,3.30,超值_急售_0过户
江铃,6.00,超值_急售_0过户
上汽大通MAXUS,9.20,超值_准新车_0过户
别克,34.00,超值_0过户
上汽大通MAXUS,9.20,超值_准新车_0过户
理想汽车,28.80,超值_0过户
比亚迪,8.80,超值_准新车_0过户
东风风神,5.70,0过户
金龙,5.00,超值_0过户
理想汽车,26.70,超值_急售_0过户
大众,5.20,0过户
宝马,16.00,超值_急售_0过户
长安凯程,0.90,超值_0过户
五菱汽车,1.30,超值_0过户
长安凯程,2.68,超值_急售_0过户
丰田,4.00,超值_急售_0过户
比亚迪,0.66,急售
丰田,5.70,超值_0过户
大众,3.20,超值_0过户
长安,4.28,超值_0过户
马自达,8.50,超值_0过户
荣威,5.00,超值_0过户
哈弗,5.50,超值_0过户
西雅特,5.00,超值
路虎,31.00,超值_0过户
大众,5.30,超值_急售
奔腾,4.68,超值_0过户
东风风光,2.50,超值_0过户
起亚,6.10,超值_0过户
大众,2.48,超值_0过户
哈弗,7.50,超值_急售
福特,9.50,超值_0过户
本田,18.28,超值_0过户
沃尔沃,23.80,超值_急售_0过户
别克,6.00,超值_里程少_0过户
日产,6.50,超值_0过户
东风风神,6.50,超值_0过户
现代,7.18,急售_0过户
众泰,3.20,超值_0过户
丰田,14.36,超值_0过户
奔驰,46.00,超值_急售_0过户
大众,10.00,超值_0过户
路虎,67.00,超值
福特,9.50,超值_0过户
本田,18.28,超值_0过户
路虎,45.00,
捷豹,20.98,0过户
宝马,29.98,超值_0过户
雪佛兰,5.00,超值_0过户
日产,9.60,超值_0过户
哈弗,13.90,超值_急售_0过户
本田,11.70,超值_急售_0过户
现代,4.80,超值
大众,2.00,超值_急售_0过户
丰田,12.00,0过户
别克,2.40,超值_急售
起亚,5.20,超值_急售
上汽大通MAXUS,10.80,0过户
日产,10.20,0过户
哈弗,1.35,急售_0过户
雪佛兰,4.70,超值_急售
大众,3.40,超值_0过户
哈弗,4.80,超值_0过户
吉利汽车,5.50,0过户
哈弗,6.60,超值_0过户
宝马,36.80,超值_急售_0过户
宝马,36.50,超值_0过户
宝马,40.88,超值_0过户
宝马,33.98,超值_0过户
大众,6.80,超值_0过户
保时捷,21.00,超值
大众,4.00,超值
众泰,4.00,超值_0过户
丰田,23.50,超值
宝马,16.80,超值_急售
长城,0.45,超值_0过户
现代,6.00,超值
雪佛兰,4.25,
丰田,26.80,超值_急售
标致,5.00,超值_0过户
奥迪,35.60,超值_急售
福特,59.00,超值_0过户
奔驰,26.50,0过户
斯柯达,5.00,0过户
宝马,11.50,超值_0过户
江铃,9.50,超值_0过户
大众,6.00,0过户
比亚迪,7.88,超值_0过户
本田,8.58,0过户
长安,4.85,0过户
本田,14.50,超值_0过户
吉利汽车,3.50,超值_急售_0过户
荣威,11.50,超值_里程少_0过户
比亚迪,2.10,超值_0过户
大众,10.00,
奔腾,3.20,超值_0过户
宝马,45.00,超值
路虎,17.28,超值_0过户
丰田,40.50,超值
MINI,14.68,超值_0过户
福特,7.80,急售_0过户
起亚,5.70,超值
奥迪,40.00,超值
宝马,25.68,超值
宝马,24.58,超值
日产,17.20,超值
雪佛兰,5.58,超值_0过户
奔驰,21.80,超值_急售
大众,13.88,
长安,10.38,超值_急售_0过户
奔驰,21.30,超值_急售_0过户
本田,7.20,超值_0过户
别克,30.00,超值_急售_里程少_0过户
别克,12.88,超值_0过户
别克,1.88,超值
长安,3.20,0过户
奥迪,17.38,超值
路虎,60.00,0过户
福特,4.90,超值_0过户
江淮,1.50,超值_急售_0过户
大众,34.00,
雪佛兰,11.60,0过户
别克,3.00,超值
大众,9.38,超值
沃尔沃,18.00,0过户
大众,8.99,
奥迪,16.20,急售
别克,19.50,超值_急售
马自达,7.60,超值_0过户
福特,12.50,超值_0过户
奔驰,23.68,超值_0过户
起亚,12.50,超值_准新车_0过户
福特,8.00,超值_0过户
比亚迪,18.88,超值_0过户
比亚迪,21.88,超值_准新车
丰田,7.98,超值_里程少_0过户
长安,2.90,超值
大众,26.30,超值_0过户
雪佛兰,5.60,超值_0过户
大众,7.20,超值
本田,7.50,0过户
广汽传祺,5.00,0过户
江淮,1.98,0过户
广汽传祺,2.88,
宝马,21.28,超值_0过户
大众,5.80,0过户
雪佛兰,1.50,0过户
大众,4.50,0过户
雪佛兰,1.88,超值_急售
大众,7.00,超值_0过户
比亚迪,3.80,超值_0过户
本田,11.50,超值_0过户
长安凯程,4.40,超值
吉利汽车,4.20,超值_0过户
大众,4.80,超值_0过户
斯巴鲁,12.68,超值_0过户
宝马,22.50,超值_0过户
宝马,22.00,超值
起亚,4.10,0过户
雪佛兰,5.20,超值_0过户
奥迪,20.38,0过户
宝马,18.58,超值
MINI,11.58,
本田,7.70,超值_0过户
本田,14.98,
奥迪,20.38,0过户
长安凯程,4.40,超值
大众,7.00,超值_0过户
比亚迪,3.80,超值_0过户
宝马,18.58,超值
MINI,11.58,
奔驰,38.88,里程少
丰田,8.00,超值_0过户
捷达,4.98,超值_0过户
宝沃,8.50,超值_0过户
奔驰,30.80,超值
大众,11.80,
奔驰,17.00,0过户
宝马,45.00,里程少_0过户
宝马,33.50,
北京汽车,10.58,超值_急售
丰田,14.00,超值_急售_准新车_0过户
东风风行,4.20,超值_急售_0过户
领克,14.00,里程少_0过户
奔驰,44.00,超值_准新车_0过户
沃尔沃,28.00,0过户
起亚,14.98,准新车_0过户
丰田,11.20,超值_急售_0过户
金杯,4.98,超值_急售_0过户
丰田,7.40,超值_急售_准新车_0过户
哈弗,8.80,超值_急售_0过户
奔驰,28.60,超值_0过户
大众,14.00,超值_0过户
大众,34.00,超值_准新车_0过户
大众,12.00,超值_准新车_0过户
红旗,16.00,0过户
保时捷,53.00,
奥迪,62.00,0过户
福特,29.80,准新车_0过户
哈弗,12.00,超值_准新车_0过户
奔驰,34.00,0过户
红旗,18.00,超值_急售_0过户
奔驰,43.00,超值_急售_0过户
大众,14.00,超值_0过户
哈弗,12.00,超值_准新车_0过户
丰田,40.00,超值_0过户
长城,2.00,超值_0过户
本田,4.50,超值
大众,3.88,超值_0过户
本田,6.00,超值_0过户
江铃,2.88,超值
马自达,4.00,超值
福特,3.50,超值_0过户
奇瑞,1.00,超值_0过户
大众,8.00,超值
别克,5.50,超值_急售
别克,13.50,超值_急售_0过户
宝马,22.00,超值_急售
标致,2.20,0过户
马自达,3.60,
宝马,13.80,0过户
起亚,17.00,0过户
吉利汽车,2.00,
长安,3.50,0过户
福特,4.20,
大众,6.89,0过户
名爵,1.80,0过户
现代,2.80,0过户
保时捷,31.00,
日产,4.90,超值_急售
本田,8.50,超值_急售_0过户
大众,4.00,超值_急售_0过户
福特,5.00,超值_急售
保时捷,25.00,超值_急售
奔驰,16.00,0过户
雪铁龙,2.00,超值_急售_0过户
长安凯程,1.28,超值_急售
奔驰,6.50,超值_急售_0过户
大众,5.50,超值_急售_0过户
福田,1.00,超值
别克,6.50,超值
丰田,2.20,超值_急售
大众,3.20,超值_急售
雪佛兰,1.60,超值_急售_0过户
雪铁龙,4.50,
大众,15.00,0过户
菲亚特,3.00,0过户
别克,4.20,
现代,2.50,
长安,2.50,0过户
五菱汽车,1.30,0过户
宝马,7.28,超值_急售
奥迪,7.80,超值_急售_0过户
大众,8.00,超值_急售
日产,7.32,超值_急售
大众,4.00,超值_急售
雪铁龙,6.58,超值_0过户
福田,2.80,超值
丰田,6.00,超值_急售
标致,2.20,超值_急售
奔驰,8.20,超值_急售
奥迪,11.20,超值_急售_0过户
比亚迪,2.60,超值_急售
长安,1.30,超值_急售_0过户
日产,3.40,超值_急售
宝马,14.00,超值
保时捷,21.00,超值_0过户
吉利汽车,0.70,超值_0过户
别克,2.50,超值_0过户
别克,2.80,0过户
大众,7.80,
五菱汽车,1.20,0过户
荣威,1.70,0过户
比亚迪,2.50,超值_0过户
菲亚特,2.98,超值_急售_0过户
东南,1.50,超值_0过户
路虎,17.88,超值_0过户
奥迪,28.50,超值_0过户
奔驰,23.50,超值
奥迪,14.70,超值_0过户
奔驰,17.40,超值
雪佛兰,4.50,超值_0过户
斯柯达,9.00,超值_0过户
丰田,22.80,超值_急售_0过户
别克,14.00,超值_急售
别克,6.50,0过户
Jeep,17.99,
沃尔沃,20.00,0过户
哈弗,7.20,0过户
众泰,2.20,0过户
别克,11.20,0过户
丰田,13.00,0过户
本田,10.80,0过户
本田,13.80,0过户
宝骏,8.00,0过户
大众,15.80,0过户
长安,5.80,0过户
大众,30.00,0过户
奔腾,4.40,超值_急售
奔驰,28.50,超值_急售
大众,13.20,超值_急售_0过户
奥迪,13.90,超值_急售
哈弗,4.48,超值_急售_0过户
大众,13.00,超值_急售_0过户
宝马,33.00,超值_0过户
众泰,6.50,超值
福特,9.00,超值_0过户
江淮,4.50,超值_0过户
领克,9.50,超值_0过户
路虎,26.30,超值_0过户
哈弗,9.50,超值_0过户
哈弗,8.50,超值_0过户
本田,9.20,超值_急售
大众,6.50,超值_急售_0过户
本田,7.50,超值_急售_0过户
别克,13.50,超值_急售
哈弗,6.30,超值_急售
宝马,21.80,0过户
宝马,12.00,
沃尔沃,16.80,0过户
奔驰,44.50,0过户
起亚,6.00,0过户
吉利汽车,7.20,0过户
红旗,8.80,超值_急售
宝马,28.00,超值_急售_0过户
凯迪拉克,18.50,超值_急售_里程少_0过户
广汽传祺,4.89,超值_急售_0过户
哈弗,11.70,超值_急售_0过户
哈弗,8.00,超值_急售_0过户
奥迪,25.50,超值_急售
宝马,20.00,超值_急售_0过户
众泰,2.00,超值_急售_0过户
宝马,23.50,超值_急售_0过户
大众,8.00,超值_急售_0过户
别克,7.80,超值_急售
丰田,13.50,超值_急售_0过户
别克,9.10,超值_急售_0过户
丰田,18.80,超值_急售_0过户
东风风光,6.00,超值_急售_里程少_0过户
丰田,5.00,超值_急售_0过户
吉利汽车,6.00,超值_急售_0过户
奔驰,16.50,超值_0过户
五菱汽车,1.68,超值_0过户
奔驰,19.00,超值_0过户
荣威,5.50,超值_0过户
大众,6.88,超值
宝马,30.00,超值_急售_0过户
福特,5.00,超值_急售_0过户
宝马,25.00,超值_急售
福特,6.60,超值_急售_0过户
大众,8.50,超值_急售_0过户
宝马,21.50,超值_急售_0过户
三菱,32.60,超值_急售_0过户
东风风行,4.40,超值_急售_0过户
别克,10.50,超值_急售_0过户
本田,9.50,超值_急售_0过户
大众,12.50,超值_急售
福特,13.00,超值_0过户
宝骏,4.80,超值_0过户
丰田,5.50,超值_0过户
比亚迪,6.70,超值_0过户
奔驰,31.50,0过户
长安凯程,3.50,
丰田,14.90,0过户
本田,14.00,0过户
Jeep,7.00,超值_0过户
长安凯程,1.00,超值_急售
丰田,31.50,超值_0过户
大众,5.00,0过户
东风风光,2.35,0过户
依维柯,6.80,
丰田,20.98,急售
奥迪,23.80,超值_0过户
东风小康,1.50,超值_0过户
大众,8.60,超值_急售_0过户
比亚迪,1.85,超值_急售_0过户
大众,9.50,超值
本田,19.00,超值_0过户
斯柯达,6.20,超值
奥迪,22.80,超值_里程少_0过户
大众,16.00,超值_急售_0过户
别克,5.30,超值_急售_0过户
大众,3.30,0过户
丰田,7.98,超值
宝马,13.80,超值_里程少_0过户
丰田,21.50,超值_急售
荣威,11.65,超值_急售_0过户
福特,4.80,0过户
大众,8.80,超值
大众,13.00,超值
上汽大通MAXUS,12.50,超值_0过户
现代,9.30,超值_急售_0过户
路虎,26.58,超值_里程少_0过户
奔驰,39.99,超值_0过户
福特,9.50,超值_0过户
大众,15.60,超值_0过户
MINI,16.00,超值_里程少_0过户
比亚迪,1.30,超值
宝马,14.50,超值
雪铁龙,2.38,超值_0过户
日产,4.58,超值_0过户
吉利汽车,0.90,0过户
奥迪,8.68,0过户
五菱汽车,2.20,超值
丰田,5.68,0过户
本田,9.50,
宝骏,3.00,超值_0过户
smart,5.20,超值
本田,3.50,超值_急售_0过户
依维柯,6.30,超值_0过户
江淮,1.55,超值
雪铁龙,2.10,超值_0过户
五菱汽车,1.18,超值_0过户
奔驰,11.00,超值_急售_0过户
荣威,3.68,超值_0过户
丰田,2.80,超值_0过户
力帆汽车,1.00,超值_0过户
宝马,18.88,超值_急售_0过户
斯柯达,8.00,超值_0过户
别克,6.00,超值
奥迪,16.20,0过户
雷克萨斯,27.80,超值_0过户
大众,3.98,超值
荣威,4.60,0过户
五菱汽车,2.30,超值
东风风行,3.20,超值
大众,22.50,
依维柯,7.50,超值
大众,9.00,超值_里程少_0过户
铃木,2.50,超值_0过户
沃尔沃,40.66,超值_0过户
别克,26.00,准新车_0过户
吉利汽车,3.20,超值_急售
五菱汽车,4.00,超值_0过户
大众,15.20,超值_急售_0过户
丰田,21.50,超值_0过户
丰田,7.50,超值
宝马,17.50,超值_0过户
魏牌,10.38,超值_0过户
雪佛兰,8.30,
观致,7.00,超值_0过户
凯迪拉克,16.50,超值_0过户
奔驰,28.88,0过户
北汽幻速,2.50,0过户
东风风光,4.00,0过户
大众,6.70,急售_0过户
大众,3.40,超值_急售_0过户
奔驰,40.50,超值_准新车_0过户
铃木,3.50,
猎豹汽车,2.60,超值
魏牌,11.19,超值_0过户
五菱汽车,3.30,超值_0过户
凯迪拉克,19.50,超值_0过户
大众,17.30,超值_急售_0过户
日产,13.20,0过户
大众,5.80,超值_0过户
宝骏,2.50,超值
标致,3.40,超值_0过户
大众,4.90,超值_0过户
雪佛兰,4.70,超值_0过户
现代,4.50,超值
现代,1.98,超值_急售_0过户
哈弗,4.50,超值_急售
本田,16.90,0过户
日产,4.30,超值
奥迪,10.30,0过户
起亚,2.20,超值
福特,3.50,超值_急售_0过户
奔驰,4.18,超值
东风御风,4.18,超值_急售
丰田,5.00,超值_急售
宝马,23.00,超值_急售_0过户
奥迪,46.80,超值_0过户
荣威,5.30,超值
大众,11.00,
奇瑞,4.00,超值_急售_0过户
本田,24.50,超值_急售_0过户
本田,21.58,0过户
东风风行,5.20,超值_准新车_0过户
本田,12.00,超值_准新车_0过户
金杯,5.00,超值_准新车_0过户
广汽传祺,11.80,超值_急售_0过户
大众,5.20,超值_0过户
保时捷,45.00,超值_急售
雪佛兰,3.00,超值_0过户
丰田,10.00,超值_0过户
宝马,11.00,超值
本田,8.90,超值_0过户
丰田,10.00,超值_0过户
本田,9.00,超值
保时捷,33.60,超值
丰田,9.60,0过户
福特,3.60,超值_急售
现代,5.80,超值
奥迪,17.20,0过户
吉利汽车,2.20,超值
大众,6.88,超值_0过户
现代,5.68,0过户
纳智捷,3.58,
斯柯达,2.00,超值_急售
大众,5.80,超值
哈弗,7.00,
起亚,5.90,超值_急售
福田,3.70,超值_0过户
宝马,31.88,0过户
江淮,3.10,超值_0过户
别克,7.48,急售_0过户
奔驰,27.00,急售_0过户
东风风行,5.38,0过户
别克,9.80,超值_0过户
本田,11.80,0过户
长安,5.80,0过户
启辰,6.10,超值_里程少_0过户
Jeep,8.20,
广汽传祺,10.00,超值_0过户
奔驰,35.00,超值_0过户
福田,3.98,超值_急售
现代,8.00,超值_急售_0过户
标致,4.98,0过户
比亚迪,3.50,
现代,9.00,0过户
起亚,9.50,0过户
大众,8.40,0过户
哈弗,6.00,超值_0过户
丰田,14.58,超值_0过户
凯迪拉克,16.00,超值_急售
大众,7.00,0过户
宝马,35.00,超值_0过户
雪铁龙,5.50,超值_0过户
三菱,7.98,超值_急售
比亚迪,3.20,超值_急售_0过户
奔驰,18.80,超值_急售
奔驰,30.00,超值_急售
奔驰,26.50,
别克,11.50,超值
奔驰,25.88,超值
大众,3.98,0过户
奔驰,21.00,超值
大众,12.98,超值_0过户
奥迪,26.80,超值_0过户
本田,9.00,超值_急售
奔驰,23.00,超值_急售_0过户
保时捷,136.00,超值_0过户
大众,16.30,超值
本田,11.00,超值_0过户
上汽大通MAXUS,11.00,准新车_0过户
大众,9.80,超值_0过户
奔驰,36.50,超值_准新车_0过户
别克,6.30,
日产,4.58,超值_0过户
日产,4.50,
三菱,11.88,
江淮,1.50,超值_0过户
福特,5.00,超值_急售
大众,1.99,
铃木,0.40,超值_0过户
路虎,7.00,
一汽,0.90,超值_0过户
丰田,5.10,超值_0过户
奔驰,20.00,0过户
沃尔沃,10.00,超值_0过户
丰田,11.00,超值_0过户
广汽传祺,5.00,0过户
日产,4.58,超值_0过户
宝马,20.90,超值_急售
本田,9.10,超值_急售
江淮,5.80,超值_0过户
上汽大通MAXUS,10.50,超值_0过户
三菱,4.50,超值_0过户
马自达,9.70,超值_急售_0过户
大众,26.50,超值_0过户
日产,11.00,急售
福特,4.08,超值_0过户
宝马,24.00,超值_急售_0过户
雪佛兰,5.00,超值_急售_0过户
奔驰,53.80,超值
本田,16.58,超值_0过户
大众,8.68,
哈弗,16.50,超值_0过户
现代,9.00,0过户
Jeep,7.90,0过户
本田,12.50,0过户
福特,7.98,超值
标致,3.00,
名爵,5.00,0过户
斯柯达,9.38,0过户
大众,16.88,超值_0过户
日产,11.00,超值_0过户
雪佛兰,1.20,急售_0过户
宝马,16.30,超值
奥迪,11.50,超值
上汽大通MAXUS,16.50,超值_急售_准新车_0过户
大众,5.50,超值_准新车_0过户
上汽大通MAXUS,12.60,超值_0过户
奔驰,23.58,超值_0过户
比亚迪,2.00,超值
保时捷,53.00,超值_0过户
大众,3.00,0过户
奥迪,19.40,超值_0过户
起亚,5.30,0过户
雷克萨斯,21.60,
Jeep,44.88,超值
宝马,11.50,
长安,6.80,超值_里程少_0过户
长城,0.70,0过户
丰田,5.00,0过户
奔驰,30.00,0过户
斯柯达,6.00,超值_0过户
本田,3.50,0过户
依维柯,6.00,超值_急售_0过户
启辰,3.00,0过户
丰田,17.50,超值_0过户
铃木,2.10,超值
江淮,2.50,超值_0过户
红旗,10.00,超值_里程少_0过户
奥迪,33.50,超值_0过户
Jeep,24.80,超值_急售_准新车_0过户
别克,6.00,0过户
菲亚特,1.98,超值_急售
启辰,6.18,超值_0过户
丰田,38.00,超值_急售
广汽传祺,8.80,0过户
奔驰,25.30,超值_0过户
日产,8.98,超值_急售_0过户
东风风行,4.70,超值_里程少_0过户
本田,13.98,超值_0过户
吉利汽车,8.99,超值
奔腾,2.10,0过户
雪佛兰,1.10,超值
依维柯,7.10,超值_0过户
保时捷,57.00,超值_0过户
奥迪,18.50,超值_急售_0过户
宝马,26.00,超值_0过户
吉利汽车,15.00,超值_急售_准新车_0过户
奥迪,15.50,超值_里程少_0过户
五菱汽车,0.75,
别克,3.28,超值_急售
长城,4.78,超值
广汽传祺,4.00,超值_0过户
日产,4.50,超值_0过户
比亚迪,3.80,超值
宾利,85.00,
五菱汽车,3.80,超值_0过户
宝骏,3.90,超值_急售
路虎,18.50,0过户
大众,10.30,超值_0过户
荣威,7.50,超值_急售_0过户
大众,8.80,
丰田,26.50,超值_0过户
宝骏,6.38,超值_里程少
马自达,14.50,
起亚,4.40,
现代,1.50,0过户
哈弗,7.50,超值_急售
宝马,31.50,
广汽传祺,6.60,超值_急售_0过户
铃木,1.50,超值_急售_0过户
丰田,21.00,超值_急售_0过户
别克,2.80,0过户
大众,4.70,超值_急售
东风风行,3.70,0过户
英菲尼迪,20.50,超值
本田,14.30,超值_0过户
比亚迪,1.30,超值_急售_0过户
Jeep,9.00,超值_0过户
雪佛兰,8.99,超值_0过户
宝马,40.00,0过户
英菲尼迪,25.50,超值_准新车_0过户
大众,31.00,超值_0过户
五菱汽车,4.20,超值_里程少_0过户
长安,2.60,超值_急售_0过户
雷克萨斯,29.00,超值_0过户
别克,1.20,超值_0过户
保时捷,45.00,超值
比亚迪,2.10,0过户
奇瑞,3.30,
马自达,8.35,超值
荣威,6.80,超值_急售_里程少_0过户
大众,10.50,超值_0过户
奔驰,26.80,
广汽传祺,4.98,超值_急售_0过户
本田,6.80,
哈弗,4.50,
日产,40.50,
英菲尼迪,68.80,超值_0过户
福特,6.98,超值_急售_0过户
宝马,22.50,准新车_0过户
比亚迪,0.99,超值_急售
东风风行,2.50,超值_0过户
奥迪,18.00,超值_急售_0过户
大众,5.20,超值_急售_0过户
五菱汽车,2.10,超值
丰田,32.50,超值
三菱,34.58,超值_急售_0过户
Jeep,43.58,超值
北汽幻速,1.80,超值_0过户
本田,6.00,超值_0过户
英菲尼迪,11.90,超值
沃尔沃,10.50,超值
别克,9.49,
捷豹,10.50,
威麟,1.28,超值
本田,11.50,
马自达,10.60,超值_0过户
五菱汽车,4.30,超值_0过户
奥迪,16.00,超值
领克,13.70,超值_急售_里程少_0过户
宝马,15.30,0过户
本田,6.10,
奥迪,15.88,超值
大众,5.60,超值_急售_0过户
本田,9.00,超值_0过户
福田,8.90,准新车_0过户
奔驰,39.20,超值_急售_0过户
Jeep,12.00,超值_准新车_0过户
别克,27.48,急售_里程少
雪佛兰,12.88,超值_0过户
别克,1.10,超值_急售_0过户
凯迪拉克,11.68,0过户
丰田,9.30,超值_0过户
奥迪,8.90,
东风小康,0.48,超值_急售_0过户
宝马,16.20,超值
大众,6.50,超值
奔驰,27.20,超值_0过户
别克,6.00,超值_0过户
现代,4.00,超值_急售_0过户
丰田,10.20,超值
本田,6.80,
比亚迪,1.50,
大众,5.00,0过户
讴歌,20.98,
现代,5.90,超值_0过户
起亚,7.20,超值_0过户
本田,12.00,超值_0过户
宝骏,4.30,0过户
本田,7.88,超值_0过户
魏牌,10.00,超值_0过户
大众,21.80,超值
东风风神,3.20,超值_0过户
长安欧尚,3.60,超值_0过户
五菱汽车,3.20,超值
众泰,6.28,超值_0过户
大众,7.90,
观致,3.50,超值_里程少_0过户
大众,16.20,超值_0过户
大众,10.50,超值_急售_0过户
日产,7.28,超值
大众,7.98,0过户
君马汽车,4.58,0过户
Jeep,28.00,超值_0过户
五菱汽车,3.98,
东风风光,5.98,超值_0过户
大众,7.38,超值_急售
名爵,7.15,超值_急售_0过户
雪佛兰,7.00,超值_0过户
Jeep,7.98,0过户
奥迪,11.00,
大众,18.50,超值_里程少_0过户
本田,30.98,超值_准新车
马自达,6.68,超值_急售_0过户
奔驰,13.58,超值_急售
大众,7.90,超值
丰田,17.88,超值
沃尔沃,10.38,0过户
福特,6.20,超值_急售_0过户
力帆汽车,0.63,超值
奔驰,24.50,急售
奔驰,10.68,超值_急售
别克,5.50,0过户
大众,4.20,超值_急售_0过户
宝马,13.00,超值_0过户
沃尔沃,47.66,超值_0过户
奔驰,38.80,超值_0过户
路虎,56.00,超值_急售_0过户
别克,20.00,超值_里程少_0过户
福特,20.00,超值_急售_0过户
丰田,16.58,超值_0过户
奥迪,24.68,超值_0过户
宝马,38.80,超值_0过户
东风风行,1.38,超值_0过户
日产,5.50,超值_0过户
雪佛兰,2.36,超值_0过户
马自达,4.50,超值_0过户
五菱汽车,3.20,超值_急售
东风风度,6.00,超值_0过户
奔腾,1.30,超值_急售
北京汽车,4.19,超值_0过户
起亚,2.20,超值
福特,7.80,超值_0过户
英菲尼迪,20.58,超值_急售_0过户
奥迪,11.58,
荣威,2.88,0过户
雪铁龙,2.80,超值_0过户
丰田,7.50,超值_0过户
广汽传祺,3.00,超值_急售_0过户
Jeep,10.00,超值_0过户
丰田,18.00,超值
标致,3.80,
奔驰,37.00,0过户
日产,4.00,0过户
众泰,5.30,超值
雪佛兰,8.59,超值_0过户
本田,12.50,超值_0过户
别克,5.68,超值_急售
广汽传祺,6.20,超值_0过户
大众,24.80,超值_急售
宝骏,4.70,0过户
吉利汽车,7.48,超值
东风御风,8.00,超值_0过户
比亚迪,9.10,超值_0过户
凯迪拉克,15.80,超值_0过户
奔驰,34.50,超值
大众,10.00,超值_0过户
福特,15.00,超值_急售
东风风光,4.30,超值_急售_0过户
宝马,27.00,0过户
凯迪拉克,14.98,急售
大众,9.00,超值
奔驰,22.00,超值_急售_0过户
吉利汽车,5.50,超值
现代,4.00,超值_急售_0过户
大众,5.60,超值_急售
福特,6.50,超值_0过户
奔驰,32.90,超值_0过户
吉利汽车,5.80,超值_急售_0过户
现代,4.40,超值_急售_0过户
哈弗,7.20,超值_里程少_0过户
奔驰,25.00,准新车_0过户
宝骏,5.60,0过户
大众,17.50,超值_里程少_0过户
本田,9.98,0过户
凯迪拉克,8.65,超值
大众,7.50,超值_急售_0过户
丰田,12.00,
哈弗,6.50,
大众,10.00,
马自达,10.20,
日产,11.00,0过户
大众,6.78,超值_急售
雪佛兰,12.00,超值_急售
奔驰,23.50,超值
奥迪,25.00,超值_急售_0过户
大众,17.50,超值_急售_0过户
本田,16.50,超值_急售_准新车_0过户
大众,13.78,超值_准新车_0过户
日产,10.38,超值_里程少_0过户
哈弗,3.58,急售_0过户
雪铁龙,2.50,0过户
奥迪,18.00,超值_0过户
日产,6.38,
Jeep,4.98,超值_急售_0过户
本田,11.00,超值
日产,7.30,超值_0过户
福特,9.90,超值_急售
哈弗,20.50,0过户
丰田,5.98,急售
五菱汽车,1.60,
长安,3.80,0过户
丰田,9.50,超值_0过户
雪佛兰,2.50,超值_急售_0过户
别克,1.30,超值_急售
斯柯达,1.88,超值_0过户
奔驰,25.00,超值_急售_0过户
东风风行,0.99,超值_0过户
路虎,15.98,超值_0过户
奥迪,14.13,超值
奥迪,8.50,超值
大众,7.98,0过户
别克,12.00,超值_0过户
丰田,48.00,超值_急售_0过户
广汽传祺,7.68,超值_急售_0过户
长安,6.68,超值_0过户
东风风行,3.50,超值
别克,6.18,0过户
奔驰,36.00,超值_急售_0过户
起亚,8.00,超值_0过户
北京,13.20,超值_0过户
宝骏,4.10,
路虎,21.80,超值_急售
本田,8.00,超值_0过户
路虎,20.00,超值_急售_0过户
奔驰,22.00,超值_0过户
大众,5.50,超值_急售_0过户
本田,5.70,超值_急售_0过户
江淮,10.50,超值_0过户
本田,2.00,超值_急售
丰田,81.00,超值_急售_0过户
别克,7.30,0过户
五菱汽车,10.50,0过户
丰田,11.68,超值_急售_0过户
丰田,9.80,超值_急售_0过户
东风风行,2.80,超值_急售
大众,9.80,急售
五菱汽车,0.66,
哈弗,16.90,
雪佛兰,9.00,超值_急售_0过户
马自达,3.00,超值_急售_0过户
大众,9.30,超值_0过户
福特,5.50,超值_急售
宝骏,3.50,超值_急售_0过户
江铃,8.00,0过户
Jeep,10.00,超值_0过户
大众,9.30,里程少_0过户
别克,22.00,超值_准新车_0过户
标致,19.00,超值_里程少_0过户
路虎,31.50,
别克,2.98,0过户
奥迪,14.80,超值
广汽传祺,3.50,超值_急售
保时捷,25.50,超值
菲亚特,3.75,超值_0过户
五菱汽车,2.20,超值_0过户
保时捷,33.00,超值_急售
吉利汽车,3.00,超值_0过户
长安凯程,1.38,超值_急售_0过户
雪铁龙,4.80,
丰田,5.38,超值
奔驰,24.00,超值_急售_0过户
日产,13.00,超值_急售
江淮,7.50,超值_急售_0过户
大众,20.00,超值_急售
大众,8.00,超值_急售_0过户
东风风行,4.00,超值_0过户
本田,6.88,0过户
本田,9.00,超值_0过户
奔驰,24.68,超值_0过户
奔驰,36.00,超值_0过户
比亚迪,4.00,超值_0过户
丰田,10.60,超值_急售
江淮,6.20,超值_0过户
大众,6.50,
丰田,11.58,超值_0过户
领克,10.00,0过户
宝马,23.00,超值_急售
奔驰,23.28,
福特,14.80,超值_0过户
大众,5.50,超值_0过户
大众,8.50,0过户
吉利汽车,3.98,超值
哈弗,3.60,0过户
捷豹,26.58,超值_0过户
宝马,31.30,超值_急售_里程少
本田,6.18,超值
红旗,41.00,超值_急售_准新车_0过户
本田,10.98,超值_急售_里程少_0过户
本田,13.60,准新车_0过户
吉利汽车,6.20,超值_急售_0过户
福特,17.50,准新车_0过户
福特,11.00,超值_0过户
别克,4.80,超值_0过户
三菱,8.50,超值
金龙,5.80,超值_急售_0过户
本田,5.80,
奇瑞,2.75,超值_0过户
大众,8.00,超值_急售
广汽传祺,18.50,0过户
大众,9.38,
雪佛兰,1.60,超值_0过户
东风风光,1.80,超值_0过户
大众,3.30,超值_急售_0过户
大众,10.50,急售
大众,24.88,超值_0过户